course_code,course_title,prereq_codes,prereq_details
CMPSC 97,Special Topics,[],[]
CMPSC 100,Computer Fundamentals and Applications,['MATH 21'],[]
CMPSC 101,Introduction to Programming,['MATH 21'],[]
CMPSC 102,Introduction to Visual Programming,[],[]
CMPSC 111,Logic for Computer Science,[],[]
CMPSC 121,Introduction to Programming Techniques,"['MATH 110', 'MATH 140']",['or']
CMPSC 122,Intermediate Programming,['CMPSC 121'],[]
CMPSC 122H,Intermediate Programming,[],[]
CMPSC 131,Programming and Computation I: Fundamentals,"['MATH 110', 'MATH 140']",['or']
CMPSC 132,Programming and Computation II: Data Structures,"['CMPSC 121', 'CMPSC 131']",['or']
CMPSC 150N,Computing and Society,['PHIL 150N'],[]
CMPSC 197,Special Topics,[],[]
CMPSC 199,Foreign Studies,[],[]
CMPSC 200,Programming for Engineers with MATLAB,"['MATH 140', 'MATH 140B', 'MATH 140E', 'MATH 140G', 'MATH 140H', 'MATH 141', 'MATH 141B', 'MATH 141E', 'MATH 141G', 'MATH 141H', 'MATH 220']","['or', 'or', 'or', 'or', 'or', 'or', 'or', 'or', 'or']"
CMPSC 201,Programming for Engineers with C++,"['MATH 140', 'MATH 141']",[]
CMPSC 203,Introduction to Spreadsheets and Databases,[],[]
CMPSC 204,Introduction to Computational Sciences Programming,['MATH 141'],[]
CMPSC 205,Intermediate Computational Sciences Programming,"['CMPSC 204', 'CMPSC 121', 'CMPSC 131']","['or', 'or']"
CMPSC 208,Technical Game Development,['MATH 21'],[]
CMPSC 221,Object Oriented Programming with Web-Based Applications,"['CMPSC 122', 'CMPSC 132']",['or']
CMPSC 222,Advanced Data Structures and Algorithms in C,"['CMPSC 122', 'CMPSC 132']",['or']
CMPSC 263,Blockchain and Modern Web Development,"['CMPSC 132', 'CMPSC 122']",['or']
CMPSC 296,Independent Studies,[],[]
CMPSC 297,Special Topics,[],[]
CMPSC 299,Foreign Studies,[],[]
CMPSC 301,Event Driven Programming for Computational Sciences,['CMPSC 205'],[]
CMPSC 302,Intermediate Visual Programming,"['CMPSC 102', 'CMPSC 121']",['or']
CMPSC 311,Introduction to Systems Programming,['CMPSC 221'],[]
CMPSC 312,Computer Organization and Architecture,"['CMPSC 121', 'CMPSC 131']",['or']
CMPSC 313,Assembly Language Programming,['CMPSC 312'],[]
CMPSC 315,Computer Systems I,"['CMPEN 270', 'CMPEN 271', 'CMPEN 275', 'CMPSC 222']","['or', 'and', 'and']"
CMPSC 316,Computer Systems II,['CMPSC 315'],[]
CMPSC 320,Software Engineering Principles,['CMPSC 221'],[]
CMPSC 330,Advanced Programming in C++,"['CMPSC 122', 'CMPSC 132']","['or', 'or', 'or']"
CMPSC 335,Fundamentals of Communication Networks,[],[]
CMPSC 348,Data Science and Machine Learning for Computational Sciences,"['CMPSC 301', 'MATH 414', 'MATH 418', 'STAT 414', 'STAT 418', 'EE 465']","['and', 'or', 'or', 'or', 'or']"
CMPSC 360,Discrete Mathematics for Computer Science,"['CMPSC 122', 'CMPSC 132']",['or']
CMPSC 395,Internship,[],[]
CMPSC 397,Special Topics,[],[]
CMPSC 399,Foreign Studies,[],[]
CMPSC 410,Programming Models for Big Data,"['CMPSC 122', 'CMPSC 132', 'DS 220', 'CMPSC 221']","['or', 'and', 'or']"
CMPSC 412,Data Structures Lab,"['CMPSC 462', 'CMPSC 465']",['or']
CMPSC 413,Algorithms Lab,['CMPSC 463'],[]
CMPSC 414,Contest Programming,"['CMPSC 221', 'CMPSC 330']",['or']
CMPSC 421,Net-centric Computing,"['CMPSC 221', 'SWENG 311']",['or']
CMPSC 430,Database Design,['CMPSC 462'],[]
CMPSC 431W,Database Management Systems,"['CMPSC 221', 'ENGL 202C']",['and']
CMPSC 432,Exploratory Data Mining,"['CMPSC 221', 'CMPSC 465', 'CMPSC 463', 'STAT 318', 'STAT 414', 'STAT 418']","['and', 'or', 'and', 'or', 'or']"
CMPSC 436,Communications and Networking,['CMPSC 312'],[]
CMPSC 438,Computer Network Architecture and Programming,"['CMPSC 312', 'CMPSC 221', 'CMPSC 330']","['and', 'or']"
CMPSC 440,Data-driven Security Analytics,"['CMPSC 335', 'CMPEN 461']",['or']
CMPSC 441,Artificial Intelligence,['CMPSC 462'],[]
CMPSC 442,Artificial Intelligence,"['CMPSC 221', 'CMPSC 465']",[]
CMPSC 443,Introduction to Computer and Network Security,"['CMPEN 362', 'CMPSC 473']",[]
CMPSC 444,Secure Programming,"['CMPSC 221', 'CMPSC 330']",['or']
CMPSC 445,Applied Machine Learning in Data Science,"['STAT 318', 'MATH 220', 'CMPSC 122', 'CMPSC 132']","['and', 'and', 'or']"
CMPSC 446,Data Mining,"['MATH 220', 'DS 220', 'CMPSC 430', 'CMPSC 431W', 'MATH 318', 'STAT 318', 'MATH 414', 'STAT 414']","['and', 'or', 'or', 'and', 'or', 'or', 'or']"
CMPSC 447,Software Security,"['CMPSC 443', 'CMPSC 360']",[]
CMPSC 448,Machine Learning and Algorithmic AI,"['STAT 319', 'STAT 415', 'CMPSC 122', 'CMPSC 132']","['or', 'and', 'or']"
CMPSC 450,Concurrent Scientific Programming,"['CMPSC 121', 'CMPSC 131', 'CMPSC 201', 'MATH 220', 'MATH 230', 'MATH 231']","['or', 'or', 'and', 'and', 'or']"
CMPSC 451,Numerical Computations,"['CMPSC 101', 'CMPSC 121', 'CMPSC 131', 'CMPSC 200', 'CMPSC 201', 'MATH 230', 'MATH 231']","['or', 'or', 'or', 'or', 'and', 'or']"
CMPSC 455,Introduction to Numerical Analysis I,"['CMPSC 201', 'CMPSC 121', 'CMPSC 131', 'MATH 220', 'MATH 230', 'MATH 231']","['or', 'or', 'or', 'and', 'and', 'or']"
CMPSC 456,Introduction to Numerical Analysis II,['MATH 455'],[]
CMPSC 457,Computer Graphics Algorithms,"['CMPSC 330', 'MATH 220']",['and']
CMPSC 458,Fundamentals of Computer Graphics,"['CMPSC 311', 'MATH 220', 'MATH 230', 'MATH 231']","['and', 'and', 'or']"
CMPSC 460,Principles of Programming Languages,"['CMPSC 312', 'CMPSC 462', 'CMPSC 469']",['and']
CMPSC 461,Programming Language Concepts,"['CMPSC 221', 'CMPSC 360']",['and']
CMPSC 462,Data Structures,"['MATH 141', 'CMPSC 122', 'CMPSC 132', 'CMPSC 360', 'CMPSC 330']","['or', 'and', 'or', 'or', 'or', 'and', 'or', 'and']"
CMPSC 463,Design and Analysis of Algorithms,"['MATH 318', 'STAT 318', 'STAT 414', 'MATH 414', 'CMPSC 462']","['or', 'or', 'or']"
CMPSC 464,Introduction to the Theory of Computation,['CMPSC 465'],[]
CMPSC 465,Data Structures and Algorithms,"['CMPSC 122', 'CMPSC 132', 'CMPSC 360', 'MATH 311W']","['or', 'and', 'or']"
CMPSC 466,Introduction to Quantum Computation,"['MATH 220', 'MATH 318', 'STAT 318', 'MATH 414', 'STAT 414', 'MATH 418', 'STAT 418']","['and', 'or', 'or', 'or', 'or', 'or']"
CMPSC 467,Factorization and Primality Testing,"['CMPSC 360', 'MATH 311W']",['or']
CMPSC 469,Formal Languages with Applications,['CMPSC 360'],[]
CMPSC 470,Compiler Construction,"['CMPSC 312', 'CMPSC 330', 'CMPSC 462', 'CMPSC 469']","['and', 'and', 'and']"
CMPSC 471,Introduction to Compiler Construction,['CMPSC 461'],[]
CMPSC 472,Operating System Concepts,"['CMPSC 312', 'CMPSC 330', 'CMPSC 462', 'CMPSC 469']","['and', 'or', 'and', 'and']"
CMPSC 473,Operating Systems Design & Construction,"['CMPSC 311', 'CMPEN 331']",['and']
CMPSC 474,Operating System & Systems Programming,"['CMPSC 122', 'CMPSC 312']",['and']
CMPSC 475,Applications Programming,"['CMPSC 221', 'CMPSC 311', 'CMPSC 312', 'CMPSC 462', 'CMPSC 465']","['and', 'or', 'and', 'or']"
CMPSC 476,Systems Debugging,"['CMPSC 311', 'CMPSC 472', 'CMPSC 474', 'CMPEN 441']","['or', 'or', 'or']"
CMPSC 478,Advanced Algorithms,"['CMPSC 465', 'CMPSC 465']",['or']
CMPSC 483W,Software Design Methods,"['CMPSC 311', 'CMPSC 465', 'ENGL 202C']",['and']
CMPSC 484,Computer Science Senior Project I,"['ENGL 202C', 'CMPSC 221', 'CMPSC 465']","['and', 'and']"
CMPSC 485W,Computer Science Senior Project II,['CMPSC 484'],[]
CMPSC 487W,Software Engineering and Design,"['ENGL 202C', 'CMPSC 330']",['and']
CMPSC 488,Computer Science Project,['CMPSC 487W'],[]
CMPSC 489,Deep Learning for Computer Vision,"['MATH 141', 'MATH 220', 'MATH 430', 'MATH 436', 'STAT 318', 'STAT 319', 'STAT 414', 'STAT 415', 'STAT 418', 'EE 465']","['and', 'or', 'or', 'and', 'or', 'or', 'or', 'or', 'or', 'and']"
CMPSC 494,Senior Honors Thesis,[],[]
CMPSC 495,Internship,[],[]
CMPSC 496,Independent Studies,[],[]
CMPSC 497,Special Topics,[],[]
CMPSC 499,Foreign Studies,[],[]
STAT 100,Statistical Concepts and Reasoning,[],[]
STAT 184,Introduction to R,['MATH 21'],[]
STAT 199,Foreign Studies,[],[]
STAT 200,Elementary Statistics,['MATH 21'],[]
STAT 240,Introduction to Biometry,['MATH 21'],[]
STAT 250,Introduction to Biostatistics,['MATH 21'],[]
STAT 296,Independent Studies,[],[]
STAT 297,Special Topics,[],[]
STAT 300,Statistical Modeling I,"['STAT 100', 'STAT 200', 'STAT 240', 'STAT 250', 'SCM 200', 'PSYCH 200', 'DS 200', 'IE 323']","['or', 'or', 'or', 'or', 'or', 'or', 'or']"
STAT 318,Elementary Probability,['MATH 141'],[]
STAT 319,Elementary Mathematical Statistics,"['MATH 318', 'STAT 318', 'MATH 414', 'STAT 414', 'STAT 418', 'MATH 418']","['or', 'or', 'or', 'or', 'or']"
STAT 380,Data Science Through Statistical Reasoning and Computation,"['STAT 200', 'DS 200', 'PLSC 309', 'STAT 184']","['or', 'or', 'and']"
STAT 399,Foreign Studies,[],[]
STAT 400,Statistical Modeling II,"['STAT 184', 'MATH 220', 'STAT 300', 'STAT 462']","['and', 'and', 'or']"
STAT 401,Experimental Methods,"['MATH 111', 'MATH 141']",['or']
STAT 414,Introduction to Probability Theory,"['MATH 230', 'MATH 232', 'MATH 231', 'RM 214']","['or', 'or', 'and']"
STAT 414H,Honors Introduction to Probability Theory,"['MATH 230', 'MATH 230H', 'MATH 232']","['or', 'or']"
STAT 415,Introduction to Mathematical Statistics,"['MATH 414', 'STAT 414']",['or']
STAT 416,Stochastic Modeling,"['STAT 318', 'MATH 318', 'STAT 414', 'MATH 414', 'MATH 230', 'MATH 232']","['or', 'or', 'or', 'and', 'or']"
STAT 418,Introduction to Probability and Stochastic Processes for Engineering,"['MATH 230', 'MATH 231']",['or']
STAT 440,Computational Statistics,"['STAT 200', 'MATH 220', 'STAT 415', 'MATH 415']","['and', 'and', 'or']"
STAT 460,Intermediate Applied Statistics,"['STAT 200', 'STAT 240', 'STAT 250', 'STAT 401']","['or', 'or', 'or']"
STAT 461,Analysis of Variance,"['STAT 200', 'STAT 240', 'STAT 250', 'STAT 401']","['or', 'or', 'or']"
STAT 462,Applied Regression Analysis,"['STAT 200', 'STAT 240', 'STAT 250', 'STAT 401']","['or', 'or', 'or']"
STAT 463,Applied Time Series Analysis,"['STAT 300', 'STAT 462', 'STAT 318', 'MATH 318', 'STAT 414', 'MATH 414', 'STAT 418', 'MATH 418']","['or', 'and', 'or', 'or', 'or', 'or', 'or']"
STAT 464,Applied Nonparametric Statistics,"['STAT 200', 'STAT 240', 'STAT 250', 'STAT 401']","['or', 'or', 'or']"
STAT 466,Survey Sampling,"['STAT 200', 'STAT 240', 'STAT 250', 'STAT 401']","['or', 'or', 'or']"
STAT 470W,Problem Solving and Communication in Applied Statistics,"['STAT 461', 'STAT 462']","['and', 'and']"
STAT 480,Introduction to SAS,[],[]
STAT 481,Intermediate SAS for Data Management,['STAT 480'],[]
STAT 482,Advanced Topics in SAS,"['STAT 480', 'STAT 481']",['and']
STAT 483,Statistical  Programming in SAS,[],[]
STAT 484,The R Statistical Programing Language,[],[]
STAT 485,Intermediate R Statistical Programming Language,['STAT 484'],[]
STAT 487,Introduction to Statistical Analysis with Python,"['STAT 300', 'STAT 460', 'STAT 461', 'STAT 462', 'STAT 500']","['or', 'or', 'or', 'or']"
STAT 494,Research Project,[],[]
STAT 494H,Research Project,[],[]
STAT 495,Internship,[],[]
STAT 496,Independent Studies,[],[]
STAT 496A,**SPECIAL TOPICS**,[],[]
STAT 496H,Independent Studies,[],[]
STAT 497,Special Topics,[],[]
STAT 499,Foreign Studies,[],[]
MATH 3,Basic Skills,[],[]
MATH 4,Intermediate Algebra,['MATH 3'],[]
MATH 10,Preparation Skills for Success in Mathematics,[],[]
MATH 21,College Algebra with Analytic Geometry with Applications I,['MATH 4'],[]
MATH 22,College Algebra With Analytic Geometry and Applications II,['MATH 21'],[]
MATH 26,Plane Trigonometry and Applications of Trigonometry,['MATH 21'],[]
MATH 31,Mathematics of Music,[],[]
MATH 32,Math for Allied Health Professions,['MATH 4'],[]
MATH 33,Mathematics for Sustainability,['ENGL 15'],[]
MATH 34,The Mathematics of Money,['MATH 4'],[]
MATH 35,General View of Mathematics,[],[]
MATH 36,Insights Into Mathematics,[],[]
MATH 37,Finite Mathematics,[],[]
MATH 38,Elementary Linear Algebra,[],[]
MATH 41,Trigonometry and Analytic Geometry,['MATH 21'],[]
MATH 81,Technical Mathematics I,[],[]
MATH 82,Technical Mathematics II,['MATH 81'],[]
MATH 83,Technical Calculus,"['MATH 82', 'MATH 41']",['or']
MATH 97,Special Topics,[],[]
MATH 102,Bridge to Calculus,[],[]
MATH 110,Techniques of Calculus I,"['MATH 22', 'MATH 41']","['or', 'or', 'or']"
MATH 111,Techniques of Calculus II,['MATH 110'],[]
MATH 140,Calculus With Analytic Geometry I,[],[]
MATH 140B,Calculus and Biology I,[],[]
MATH 140E,Calculus with Engineering Applications I,[],[]
MATH 140G,Calculus with Earth and Mineral Sciences Applications I,[],[]
MATH 140H,Honors Calculus with Analytic Geometry I,[],[]
MATH 141,Calculus with Analytic Geometry II,"['MATH 140', 'MATH 140B', 'MATH 140E', 'MATH 140G', 'MATH 140H']","['or', 'or', 'or', 'or', 'or']"
MATH 141B,Calculus and Biology II,"['MATH 140', 'MATH 140B', 'MATH 140E', 'MATH 140G', 'MATH 140H']","['or', 'or', 'or', 'or', 'or']"
MATH 141E,Calculus with Engineering Applications II,"['MATH 140', 'MATH 140B', 'MATH 140E', 'MATH 140G', 'MATH 140H']","['or', 'or', 'or', 'or', 'or']"
MATH 141G,Calculus with Earth and Mineral Sciences Applications II,"['MATH 140', 'MATH 140B', 'MATH 140E', 'MATH 140G', 'MATH 140H']","['or', 'or', 'or', 'or', 'or']"
MATH 141H,Honors Calculus with Analytic Geometry II,"['MATH 140', 'MATH 140B', 'MATH 140E', 'MATH 140G', 'MATH 140H']","['or', 'or', 'or', 'or', 'or']"
MATH 197,Special Topics,[],[]
MATH 197N,Special Topics - InterDomain,[],[]
MATH 198,Special Topics,[],[]
MATH 199,Foreign Studies,[],[]
MATH 200,Problem Solving in Mathematics,[],[]
MATH 201,Problem Solving in Mathematics II,[],[]
MATH 210,Calculus with Engineering Technology Applications,"['MATH 83', 'MATH 140']",['or']
MATH 211,Intermediate Calculus and Differential Equations with Applications,['MATH 210'],[]
MATH 220,Matrices,"['MATH 110', 'MATH 140', 'MATH 140B', 'MATH 140E', 'MATH 140G', 'MATH 140H']","['or', 'or', 'or', 'or', 'or']"
MATH 220H,Honors Matrices,"['MATH 110', 'MATH 140', 'MATH 140B', 'MATH 140E', 'MATH 140G', 'MATH 140H']","['or', 'or', 'or', 'or', 'or']"
MATH 225,Mathematical Foundations for Machine Learning,"['MATH 140', 'CMPSC 131', 'CMPSC 121', 'DS 120', 'CMPSC 132']","['and', 'or', 'and']"
MATH 230,Calculus and Vector Analysis,"['MATH 141', 'MATH 141B', 'MATH 141E', 'MATH 141G', 'MATH 141H']","['or', 'or', 'or', 'or']"
MATH 230H,Honors Calculus and Vector Analysis,"['MATH 141', 'MATH 141B', 'MATH 141E', 'MATH 141G', 'MATH 141H']","['or', 'or', 'or', 'or']"
MATH 231,Calculus of Several Variables,"['MATH 141', 'MATH 141B', 'MATH 141E', 'MATH 141G', 'MATH 141H']","['or', 'or', 'or', 'or']"
MATH 232,Integral Vector Calculus,['MATH 231'],[]
MATH 240,Mathematical Methods for Biology and the Life Sciences,[],[]
MATH 250,Ordinary Differential Equations,"['MATH 141', 'MATH 141B', 'MATH 141E', 'MATH 141G', 'MATH 141H']","['or', 'or', 'or', 'or']"
MATH 251,Ordinary and Partial Differential Equations,"['MATH 141', 'MATH 141B', 'MATH 141E', 'MATH 141G', 'MATH 141H']","['or', 'or', 'or', 'or']"
MATH 251H,Honors Ordinary and Partial Differential Equations,"['MATH 141', 'MATH 141B', 'MATH 141E', 'MATH 141G', 'MATH 141H']","['or', 'or', 'or', 'or']"
MATH 252,Partial Differential Equations,[],[]
MATH 296,Independent Studies,[],[]
MATH 297,Special Topics,[],[]
MATH 310,Elementary Combinatorics,"['MATH 220', 'MATH 220H']",['or']
MATH 310H,Honors Concepts of Combinatorics,['MATH 220'],[]
MATH 311M,Honors Concepts of Discrete Mathematics,[],[]
MATH 311W,Concepts of Discrete Mathematics,"['MATH 141', 'MATH 141B', 'MATH 141E', 'MATH 141G', 'MATH 141H']","['or', 'or', 'or', 'or']"
MATH 312,Concepts of Real Analysis,"['MATH 141', 'MATH 141B', 'MATH 141E', 'MATH 141G', 'MATH 141H']","['or', 'or', 'or', 'or']"
MATH 312H,Honors Concepts of Real Analysis,"['MATH 141', 'MATH 141B', 'MATH 141E', 'MATH 141G', 'MATH 141H']","['or', 'or', 'or', 'or']"
MATH 313H,Concepts of Geometry,"['MATH 140H', 'MATH 311M', 'MATH 312H']","['and', 'or']"
MATH 316,"Upperclass Seminar: Careers, Graduate Study, and Opportunities in Mathematics",[],[]
MATH 318,Elementary Probability,['MATH 141'],[]
MATH 319,Elementary Mathematical Statistics,"['MATH 318', 'STAT 318', 'MATH 414', 'STAT 414', 'STAT 418', 'MATH 418']","['or', 'or', 'or', 'or', 'or']"
MATH 397,Special Topics,[],[]
MATH 399,Foreign Studies,[],[]
MATH 400,Teaching in Mathematics,['SC 220'],[]
MATH 401,Introduction to Analysis I,"['MATH 230', 'MATH 231']",['or']
MATH 403,Classical Analysis I,['MATH 312'],[]
MATH 403H,Honors Classical Analysis I,"['MATH 311M', 'MATH 311W', 'MATH 312H', 'MATH 312']","['or', 'and', 'or', 'and']"
MATH 404,Classical Analysis II,['MATH 403'],[]
MATH 405,Advanced Calculus for Engineers and Scientists I,"['MATH 230', 'MATH 231', 'MATH 250', 'MATH 251']","['or', 'and', 'or']"
MATH 406,Advanced Calculus for Engineers and Scientists II,['MATH 405'],[]
MATH 410,Complex Analysis for Mathematics and Engineering,"['MATH 230', 'MATH 232']",['or']
MATH 411,Ordinary Differential Equations,"['MATH 230', 'MATH 231', 'MATH 250', 'MATH 251']","['or', 'and', 'or']"
MATH 412,Fourier Series and Partial Differential Equations,"['MATH 230', 'MATH 250', 'MATH 251']","['and', 'or']"
MATH 414,Introduction to Probability Theory,"['MATH 230', 'MATH 232', 'MATH 231', 'RM 214']","['or', 'or', 'and']"
MATH 414H,Honors Introduction to Probability Theory,"['MATH 230', 'MATH 230H', 'MATH 232']","['or', 'or']"
MATH 415,Introduction to Mathematical Statistics,"['MATH 414', 'STAT 414']",['or']
MATH 416,Stochastic Modeling,"['STAT 318', 'MATH 318', 'STAT 414', 'MATH 414', 'MATH 230', 'MATH 232']","['or', 'or', 'or', 'and', 'or']"
MATH 417,Qualitative Theory of Differential Equations,"['MATH 220', 'MATH 250', 'MATH 251']","['and', 'or']"
MATH 418,Introduction to Probability and Stochastic Processes for Engineering,"['MATH 230', 'MATH 231']",['or']
MATH 419,Theoretical Mechanics,"['MATH 230', 'MATH 231', 'MATH 250', 'MATH 251', 'PHYS 212', 'PHYS 213', 'PHYS 214']","['or', 'and', 'or', 'and', 'and', 'and']"
MATH 421,Complex Analysis,"['MATH 230', 'MATH 232', 'MATH 405', 'MATH 401', 'MATH 403']","['or', 'or', 'and', 'or']"
MATH 425,Introduction to Operations Research,"['MATH 141', 'MATH 220']",['and']
MATH 426,Introduction to Modern Geometry,"['MATH 401', 'MATH 403']",['or']
MATH 427,Foundations of Geometry,"['MATH 230', 'MATH 231']",['or']
MATH 428,Geometry for Teachers,"['MATH 311W', 'MATH 427']",['or']
MATH 429,Introduction to Topology,['MATH 311W'],[]
MATH 430,Linear Algebra and Discrete Models I,['MATH 220'],[]
MATH 435,Basic Abstract Algebra,['MATH 311W'],[]
MATH 436,Linear Algebra,['MATH 311W'],[]
MATH 436H,Linear Algebra,[],[]
MATH 437,Algebraic Geometry,"['MATH 230', 'MATH 231', 'MATH 311W']","['or', 'and']"
MATH 441,Matrix Algebra,['MATH 220'],[]
MATH 448,Mathematics of Finance,"['MATH 141', 'STAT 200', 'MATH 318', 'STAT 318', 'STAT 401', 'MATH 414', 'STAT 414']","['and', 'or', 'or', 'or', 'or', 'or', 'or']"
MATH 449,Applied Ordinary Differential Equations,"['MATH 250', 'MATH 251']",['or']
MATH 450,Mathematical Modeling,"['MATH 430', 'MATH 405', 'MATH 412']","['and', 'or', 'or']"
MATH 451,Numerical Computations,"['CMPSC 101', 'CMPSC 121', 'CMPSC 131', 'CMPSC 200', 'CMPSC 201', 'MATH 230', 'MATH 231']","['or', 'or', 'or', 'or', 'and', 'or']"
MATH 452,Deep Learning Algorithms and Analysis,"['MATH 220', 'MATH 230', 'MATH 231', 'CMPSC 101', 'CMPSC 121', 'CMPSC 131', 'CMPSC 200', 'CMPSC 201']","['and', 'or', 'and', 'or', 'or', 'or', 'or']"
MATH 455,Introduction to Numerical Analysis I,"['CMPSC 201', 'CMPSC 121', 'CMPSC 131', 'MATH 220', 'MATH 230', 'MATH 231']","['or', 'or', 'or', 'and', 'and', 'or']"
MATH 455H,Introduction To Numerical Analysis I,[],[]
MATH 456,Introduction to Numerical Analysis II,['MATH 455'],[]
MATH 457,Introduction to Mathematical Logic,[],[]
MATH 465,Number Theory,['MATH 311W'],[]
MATH 467,Factorization and Primality Testing,"['CMPSC 360', 'MATH 311W']",['or']
MATH 468,Mathematical Coding Theory,['MATH 311W'],[]
MATH 470,Algebra for Teachers,['MATH 311W'],[]
MATH 471,Geometry for Teachers,['MATH 311W'],[]
MATH 475Y,History of Mathematics,['MATH 311W'],[]
MATH 479,Special and General Relativity,"['PHYS 237', 'PHYS 400', 'PHYS 419', 'MATH 250', 'MATH 251', 'MATH 230', 'MATH 231']","['and', 'and', 'and', 'or', 'and', 'or']"
MATH 482,Mathematical Methods of Operations Research,"['MATH 220', 'MATH 230']","['and', 'and']"
MATH 484,Linear Programs and Related Problems,"['MATH 220', 'MATH 230', 'MATH 231']","['and', 'or']"
MATH 485,Graph Theory,['MATH 311W'],[]
MATH 486,Mathematical Theory of Games,['MATH 220'],[]
MATH 490H,Honors Student Colloquium,"['MATH 220', 'MATH 230', 'MATH 250', 'MATH 251', 'MATH 311W', 'MATH 311M']","['and', 'and', 'or', 'and', 'or']"
MATH 494,Research Project,[],[]
MATH 494H,Thesis Project,[],[]
MATH 495,Internship,[],[]
MATH 496,Independent Studies,[],[]
MATH 496A,**SPECIAL TOPICS**,[],[]
MATH 496H,Independent Studies,[],[]
MATH 497,Special Topics,[],[]
MATH 499,Foreign Studies,[],[]
CMPEN 111,Computers and Computer Hardware,[],[]
CMPEN 270,Digital Design: Theory and Practice,['PHYS 212'],[]
CMPEN 271,Introduction to Digital Systems,['PHYS 212'],[]
CMPEN 275,Digital Design Laboratory,"['CMPEN 271', 'PHYS 212']",['and']
CMPEN 296,Independent Studies,[],[]
CMPEN 297,Special Topics,[],[]
CMPEN 299,Foreign Studies,[],[]
CMPEN 331,Computer Organization And Design,"['CMPEN 270', 'CMPEN 271', 'CMPSC 121', 'CMPSC 131', 'CMPSC 201']","['or', 'and', 'or', 'or']"
CMPEN 351,Microprocessors,"['CMPEN 271', 'CMPEN 275']",['and']
CMPEN 352W,Embedded Systems Design,"['CMPEN 351', 'CMPEN 472', 'EE 210']","['or', 'and']"
CMPEN 362,Communication Networks,"['CMPEN 270', 'CMPEN 271', 'STAT 318', 'STAT 401', 'STAT 414', 'MATH 414', 'STAT 418', 'MATH 418']","['or', 'or', 'or', 'or', 'or', 'or']"
CMPEN 371,Advanced Digital Design,"['CMPEN 271', 'CMPEN 275', 'CMPSC 121', 'EE 210', 'EE 211']","['and', 'and', 'or', 'and', 'or']"
CMPEN 395,Internship,[],[]
CMPEN 396,Independent Studies,[],[]
CMPEN 396A,Current Technologies in Computer Engineering,[],[]
CMPEN 397,Special Topics,[],[]
CMPEN 399,Foreign Studies,[],[]
CMPEN 411,VLSI Digital Circuits,"['CMPEN 371', 'EE 310']","['or', 'and']"
CMPEN 415,Computing with Commercial Quantum Computers,"['MATH 220', 'CMPSC 121', 'CMPSC 131', 'PHYS 337']","['and', 'or', 'and']"
CMPEN 416,Digital Integrated Circuits,['EE 310'],[]
CMPEN 417,Digital Design Using Field Programmable Devices,['CMPEN 331'],[]
CMPEN 431,Introduction to Computer Architecture,"['CMPEN 331', 'CMPEN 371']",['or']
CMPEN 441,Operating Systems,['CMPSC 360'],[]
CMPEN 454,Fundamentals of Computer Vision,"['MATH 230', 'MATH 231', 'MATH 220', 'CMPSC 121', 'CMPSC 131', 'CMPSC 201']","['or', 'and', 'or', 'or']"
CMPEN 455,An Introduction to Digital Image Processing,"['EE 350', 'EE 353', 'EE 352', 'CMPSC 121', 'CMPSC 131', 'CMPSC 201']","['or', 'or', 'and', 'or', 'or']"
CMPEN 461,Communication Networks,"['CMPEN 271', 'CMPSC 121', 'CMPSC 201']","['and', 'or']"
CMPEN 462,Wireless Communications Systems and Security,"['CMPEN 362', 'EE 362']",['or']
CMPEN 472,Microprocessors and Embedded Systems,['CMPEN 331'],[]
CMPEN 473,Microcomputer Laboratory,['CMPEN 472'],[]
CMPEN 475,Functional Verification,['CMPEN 331'],[]
CMPEN 480,Computer Engineering Design,"['CMPEN 352W', 'CMPEN 431']",['and']
CMPEN 481,Computer Engineering Project,['CMPEN 480'],[]
CMPEN 482W,Computer Engineering Project Design,"['CMPSC 311', 'EE 310', 'EE 353', 'CMPSC 473', 'ENGL 202C']","['and', 'and']"
CMPEN 494,Research Project,[],[]
CMPEN 494H,Research Project,[],[]
CMPEN 495,Internship,[],[]
CMPEN 496,Independent Studies,[],[]
CMPEN 497,Special Topics,[],[]
CMPEN 499,Foreign Studies,[],[]
PHYS 1,The Science of Physics,[],[]
PHYS 10,Physics Behind the Headlines,[],[]
PHYS 97,Special Topics,[],[]
PHYS 114,Sound and Light for Educators,['SCIED 114'],[]
PHYS 150,Technical Physics I,[],[]
PHYS 151,Technical Physics II,['PHYS 150'],[]
PHYS 197,Special Topics,[],[]
PHYS 199,Foreign Studies,[],[]
PHYS 211,General Physics:  Mechanics,['MATH 140'],[]
PHYS 211H,General Physics:  Mechanics,['MATH 140'],[]
PHYS 212,General Physics:  Electricity and Magnetism,"['MATH 140', 'PHYS 211', 'MATH 141']",['and']
PHYS 212H,General Physics:  Electricity and Magnetism,"['MATH 140', 'PHYS 211', 'MATH 141']",['and']
PHYS 213,General Physics:  Fluids and Thermal Physics,"['MATH 140', 'PHYS 211', 'MATH 141']",['and']
PHYS 214,General Physics:  Wave Motion and Quantum Physics,"['MATH 141', 'PHYS 211', 'PHYS 212']","['and', 'and']"
PHYS 230,Introduction to Relativity,"['PHYS 212', 'MATH 141', 'MATH 220', 'MATH 230', 'MATH 231']","['and', 'or', 'and', 'or']"
PHYS 237,Introduction to Modern Physics,"['PHYS 212', 'PHYS 214']",['and']
PHYS 237H,Introduction to Modern Physics,['PHYS 212'],[]
PHYS 250,Introductory Physics I,"['MATH 22', 'MATH 26', 'MATH 41', 'MATH 81', 'MATH 82', 'MATH 140']","['and', 'or', 'or', 'or', 'or', 'or', 'or']"
PHYS 251,Introductory Physics II,"['PHYS 250', 'PHYS 211']",['or']
PHYS 296,Independent Studies,[],[]
PHYS 296H,"Study of the Historical Background, Formulation and Consequences of        Einstein's Theory of Rela",[],[]
PHYS 297,Special Topics,[],[]
PHYS 299,Foreign Studies,[],[]
PHYS 337,Introduction to Quantum Information Science and Engineering,"['MATH 220', 'PHYS 214']",['and']
PHYS 400,Intermediate Electricity and Magnetism,"['PHYS 212', 'PHYS 213', 'PHYS 214', 'MATH 250', 'MATH 251', 'MATH 230', 'MATH 231']","['and', 'and', 'and', 'or', 'and', 'or']"
PHYS 402,Electronics for Scientists,"['MATH 250', 'MATH 251', 'PHYS 212', 'PHYS 213', 'PHYS 214']","['or', 'and', 'and', 'and']"
PHYS 404,Introduction to Acoustics,"['PHYS 212', 'MATH 250', 'MATH 251']","['and', 'or']"
PHYS 406,Subatomic Physics,['PHYS 410'],[]
PHYS 410,Introduction to Quantum Mechanics I,"['MATH 250', 'MATH 251', 'MATH 230', 'MATH 231', 'PHYS 237']","['or', 'and', 'or', 'and']"
PHYS 411,Introduction to Quantum Mechanics II,['PHYS 410'],[]
PHYS 412,Solid State Physics I,"['MATH 230', 'MATH 231', 'PHYS 410']",['or']
PHYS 414,Solid State Physics,"['MATH 230', 'PHYS 237']",['and']
PHYS 419,Theoretical Mechanics,"['MATH 230', 'MATH 231', 'MATH 250', 'MATH 251', 'PHYS 212', 'PHYS 213', 'PHYS 214']","['or', 'and', 'or', 'and', 'and', 'and']"
PHYS 420,Thermal Physics,"['MATH 250', 'MATH 251', 'MATH 230', 'MATH 231', 'PHYS 237']","['or', 'and', 'or', 'and']"
PHYS 421W,Research Methods in Physics,['PHYS 237'],[]
PHYS 430,Introduction to Computational Physics,"['CMPSC 200', 'CMPSC 201', 'CMPSC 121', 'CMPSC 131', 'MATH 230', 'MATH 231', 'MATH 250', 'MATH 251', 'PHYS 237', 'PHYS 420']","['or', 'or', 'or', 'and', 'or', 'and', 'or', 'and', 'or']"
PHYS 437,Physical implementation of qubits,['PHYS 337'],[]
PHYS 444,Topics in Contemporary Physics,['PHYS 237'],[]
PHYS 457W,Experimental Physics,"['PHYS 212', 'PHYS 213', 'PHYS 214', 'PHYS 237']","['and', 'and', 'and']"
PHYS 458,Intermediate Optics,"['PHYS 212', 'PHYS 213', 'PHYS 214', 'MATH 250', 'MATH 251', 'MATH 230', 'MATH 231']","['and', 'and', 'and', 'or', 'and', 'or']"
PHYS 462,Applications of Physics in Medicine,"['PHYS 211', 'PHYS 250']",['or']
PHYS 465,Network analysis of biological systems,"['MATH 140', 'BIOL 230W', 'BMB 251', 'BME 201', 'MATH 140B', 'MATH 141B', 'MATH 297']","['or', 'or', 'or', 'or', 'or']"
PHYS 472,Elements of Nuclear Physics and its Applications to Medical Imaging and    Treatments,"['PHYS 211', 'PHYS 212', 'PHYS 213', 'PHYS 214', 'PHYS 237']","['and', 'and', 'and', 'and']"
PHYS 479,Special and General Relativity,"['PHYS 237', 'PHYS 400', 'PHYS 419', 'MATH 250', 'MATH 251', 'MATH 230', 'MATH 231']","['and', 'and', 'and', 'or', 'and', 'or']"
PHYS 494,Physics Research Project,[],[]
PHYS 494H,Physics Research Project,[],[]
PHYS 495,Internship,[],[]
PHYS 496,Independent Studies,[],[]
PHYS 496H,Independent Studies,[],[]
PHYS 497,Special Topics,[],[]
PHYS 499,Foreign Studies,[],[]
ENGL 2,The Great Traditions in English Literature,[],[]
ENGL 4,Basic Writing Skills,[],[]
ENGL 5,Writing Tutorial,[],[]
ENGL 6,Creative Writing Common Time,[],[]
ENGL 10,Group Writing Tutorial,['ENGL 15'],[]
ENGL 15,Rhetoric and Composition,[],[]
ENGL 15A,Rhetoric and Composition,[],[]
ENGL 15E,Rhetoric and Composition Enhanced,[],[]
ENGL 15S,Rhetoric and Composition,[],[]
ENGL 30H,Honors Rhetoric and Composition,[],[]
ENGL 30T,Honors Freshman Composition First-Year Seminar,[],[]
ENGL 50,Introduction to Creative Writing,[],[]
ENGL 50H,Introduction to Creative Writing,[],[]
ENGL 83S,First-Year Seminar in English,[],[]
ENGL 97,Special Topics,[],[]
ENGL 98,Special Topics,[],[]
ENGL 100,English Language Analysis,[],[]
ENGL 101,Introduction to Literature,[],[]
ENGL 103,The Great Traditions in American Literature,[],[]
ENGL 104,The Bible as Literature,['JST 104'],[]
ENGL 105,American Popular Culture and Folklife,['AMST 105'],[]
ENGL 106,The Lynd Ward Graphic Novel Prize,[],[]
ENGL 108N,Buddhism and US Society,"['RLST 105N', 'SOC 130N']",[]
ENGL 110,Newswriting Practicum,[],[]
ENGL 111,The Possibilities of English,[],[]
ENGL 114,Modern Pagan Traditions and Texts,[],[]
ENGL 115N,Arts of Love,['ARTH 115N'],[]
ENGL 118,Music and Literature,[],[]
ENGL 120,Difference in Early Literature,[],[]
ENGL 124,"Legal Fictions: Law, Justice, Literature",[],[]
ENGL 125,On the Farm: Agriculture and Literature,[],[]
ENGL 126,Bad Literature,[],[]
ENGL 128N,The Holocaust in Film and Literature,"['CMLIT 128N', 'GER 128N', 'JST 128N']",[]
ENGL 129,Shakespeare,[],[]
ENGL 129H,Shakespeare,[],[]
ENGL 130,Reading Popular Texts,[],[]
ENGL 131,Weird Tales: Literature of Horror and the Supernatural,[],[]
ENGL 132,Jewish American Literature,['JST 132'],[]
ENGL 133,Modern American Literature to World War II,[],[]
ENGL 134,American Comedy,['AMST 134'],[]
ENGL 135,Alternative Voices in American Literature,['AMST 135'],[]
ENGL 136,The Graphic Novel,[],[]
ENGL 137H,Rhetoric and Civic Life I,['CAS 137H'],[]
ENGL 138T,Rhetoric and Civic Life II,"['ENGL 137H', 'CAS 137H']",['or']
ENGL 139,African American Literature,['AFAM 139'],[]
ENGL 140,Contemporary Literature,[],[]
ENGL 140H,Contemporary Literature - Honors,[],[]
ENGL 141N,African American Read-In Engaged Learning Experience,"['AFAM 141N', 'INART 141N']",[]
ENGL 142N,Science in Literature,['SC 142N'],[]
ENGL 144,Everyday Rhetoric,[],[]
ENGL 145,Modern Irish Literature,[],[]
ENGL 161N,The Pursuit of Happiness in American Life: Historical Literature and Modern Practice,['HIST 162N'],[]
ENGL 162N,Communicating Care,"['CAS 162N', 'SOC 162N']",[]
ENGL 163N,Defining the Animal,[],[]
ENGL 165N,Work and Literature,['LHR 165N'],[]
ENGL 170N,Introduction to American Folklore,['AMST 170N'],[]
ENGL 179,Exploring the Literature of Food: Current Trends in American Food Writing  and Environmentalism,[],[]
ENGL 180,Literature and the Natural World,[],[]
ENGL 181A,Adventure Literature: Exploring the Chesapeake Bay,[],[]
ENGL 181B,Adventure Literature: Exploring Cape Cod,[],[]
ENGL 181C,The Beach: Exploring the Literature of the Atlantic Shore,[],[]
ENGL 181D,Adventure Literature: Exploring the Literature of American Wilderness,[],[]
ENGL 182,Literature and Empire,[],[]
ENGL 182A,Literature and Empire,[],[]
ENGL 182C,Literature and Empire,[],[]
ENGL 183,Adventure Literature,"['ENGL 15', 'ENGL 15A', 'ENGL 15S', 'ENGL 15E', 'ESL 15', 'ENGL 30H', 'ENGL 30T', 'ENGL 137H', 'CAS 137H']","['or', 'or', 'or', 'or', 'or', 'or', 'or', 'or']"
ENGL 183N,"The Cold War in Literature, Politics, and History",['PLSC 183N'],[]
ENGL 184,The Short Story,['CMLIT 184'],[]
ENGL 185,World Novel,['CMLIT 185'],[]
ENGL 188,Young Adult Literature (YA),[],[]
ENGL 190Q,Medievalism,['INART 203Q'],[]
ENGL 191,Science Fiction,[],[]
ENGL 192,The Literature of Fantasy,[],[]
ENGL 193N,The Craft of Comics,['AA 193N'],[]
ENGL 194,Women Writers,['WMNST 194'],[]
ENGL 194H,Women Writers - Honors,[],[]
ENGL 197,Special Topics,[],[]
ENGL 198,Special Topics,[],[]
ENGL 199,Foreign Study--English,[],[]
ENGL 200,Introduction to Critical Reading,[],[]
ENGL 200H,Introduction to Critical Reading,[],[]
ENGL 200W,Introduction to Critical Reading,[],[]
ENGL 201,What is Literature,[],[]
ENGL 201H,What is Literature,[],[]
ENGL 202A,Effective Writing: Writing in the Social Sciences,"['ENGL 15', 'ENGL 15A', 'ENGL 15S', 'ENGL 15E', 'ESL 15', 'ENGL 30H', 'ENGL 30T', 'ENGL 137H', 'CAS 137H']","['or', 'or', 'or', 'or', 'or', 'or', 'or', 'or', 'and']"
ENGL 202B,Effective Writing: Writing in the Humanities,"['ENGL 15', 'ENGL 15A', 'ENGL 15S', 'ENGL 15E', 'ESL 15', 'ENGL 30H', 'ENGL 30T', 'ENGL 137H', 'CAS 137H']","['or', 'or', 'or', 'or', 'or', 'or', 'or', 'or', 'and']"
ENGL 202C,Effective Writing: Technical Writing,"['ENGL 15', 'ENGL 15A', 'ENGL 15S', 'ENGL 15E', 'ESL 15', 'ENGL 30H', 'ENGL 30T', 'ENGL 137H', 'CAS 137H']","['or', 'or', 'or', 'or', 'or', 'or', 'or', 'or', 'and']"
ENGL 202D,Effective Writing: Business Writing,"['ENGL 15', 'ENGL 15A', 'ENGL 15S', 'ENGL 15E', 'ESL 15', 'ENGL 30H', 'ENGL 30T', 'ENGL 137H', 'CAS 137H']","['and', 'or', 'or', 'or', 'or', 'or', 'or', 'or', 'or']"
ENGL 202H,Effective Writing: Honors,"['ENGL 15', 'ENGL 15A', 'ENGL 15S', 'ENGL 15E', 'ESL 15', 'ENGL 30H', 'ENGL 30T', 'ENGL 137H', 'CAS 137H']","['and', 'or', 'or', 'or', 'or', 'or', 'or', 'or', 'or']"
ENGL 205,Children's Literature,[],[]
ENGL 206,Business and Literature,[],[]
ENGL 208N,The Music of the Beatles and American Popular Culture,['MUSIC 209N'],[]
ENGL 209,Journal or Magazine Practicum,[],[]
ENGL 210,The Process of Writing,[],[]
ENGL 211,Introduction to Writing Studies,[],[]
ENGL 211W,Introduction to Writing Studies,[],[]
ENGL 212,Introduction to Fiction Writing,[],[]
ENGL 213,Introduction to Poetry Writing,[],[]
ENGL 214,Introduction to Creative Nonfiction Writing,[],[]
ENGL 215,Introduction to General Nonfiction Writing,[],[]
ENGL 221,British Literature to 1798,[],[]
ENGL 221W,British Literature to 1798,[],[]
ENGL 222,British Literature from 1798,[],[]
ENGL 222W,British Literature from 1798,[],[]
ENGL 223N,"Shakespeare: Page, Stage, and Screen",[],[]
ENGL 224N,Authors and Artists,['ARTH 224N'],[]
ENGL 225N,Sexuality and Modern Visual Culture,"['ARTH 225N', 'WMNST 225N']",[]
ENGL 226,Latina  and Latino Border Theories,['LTNST 226'],[]
ENGL 227,Introduction to Queer Theory,['WMNST 227'],[]
ENGL 228,Introduction to Disability Studies in the Humanities,[],[]
ENGL 229,Digital Studies,[],[]
ENGL 231,American Literature to 1865,[],[]
ENGL 231Y,American Literature to 1865,[],[]
ENGL 232,American Literature from 1865,[],[]
ENGL 232Y,American Literature from 1865,[],[]
ENGL 233N,Chemistry and Literature,['CHEM 233N'],[]
ENGL 234,"Sports, Ethics, and Literature",[],[]
ENGL 235,From Folk Shouts and Songs to Hip Hop Poetry,['AFAM 235'],[]
ENGL 236N,"Inequality: Economics, Philosophy, Literature",[],[]
ENGL 237N,Reading and Writing Documentary Poetry,[],[]
ENGL 240,Exploring Literary Traditions,[],[]
ENGL 245,Introduction to LGBTQ Studies,['WMNST 245'],[]
ENGL 250,Peer Tutoring in Writing,"['ENGL 15', 'ENGL 15A', 'ENGL 15S', 'ENGL 15E', 'ESL 15', 'ENGL 30H', 'ENGL 30T', 'ENGL 137H', 'CAS 137H']","['or', 'or', 'or', 'or', 'or', 'or', 'or', 'or']"
ENGL 260,Theory & Practice of Screenwriting,[],[]
ENGL 261,Exploring Literary Forms,[],[]
ENGL 262,Reading Fiction,[],[]
ENGL 263,Reading Poetry,[],[]
ENGL 265,Reading Nonfiction,[],[]
ENGL 268,Reading Drama,[],[]
ENGL 281,Television Script Writing,[],[]
ENGL 294,Research Topics,[],[]
ENGL 296,Independent Studies,[],[]
ENGL 297,Special Topics,[],[]
ENGL 299,Foreign Studies,[],[]
ENGL 312,Globality and Literature,"['ENGL 15', 'ENGL 15A', 'ENGL 15S', 'ENGL 15E', 'ESL 15', 'ENGL 30H', 'ENGL 30T', 'ENGL 137H', 'ENGL 138T']","['or', 'or', 'or', 'or', 'or', 'or', 'or', 'and']"
ENGL 395,Internship,[],[]
ENGL 397,Special Topics,[],[]
ENGL 399,Foreign Study--English,[],[]
ENGL 400,"Authors, Texts, Contexts","['ENGL 15', 'ENGL 15A', 'ENGL 15S', 'ENGL 15E', 'ESL 15', 'ENGL 30H', 'ENGL 30T', 'ENGL 137H', 'CAS 137H']","['or', 'or', 'or', 'or', 'or', 'or', 'or', 'or']"
ENGL 401,Studies in Genre,"['ENGL 15', 'ENGL 15A', 'ENGL 15S', 'ENGL 15E', 'ESL 15', 'ENGL 30H', 'ENGL 30T', 'ENGL 137H', 'CAS 137H']","['or', 'or', 'or', 'or', 'or', 'or', 'or', 'or']"
ENGL 401W,Creative Writing Theory,"['ENGL 15', 'ENGL 15A', 'ENGL 15S', 'ENGL 15E', 'ESL 15', 'ENGL 30H', 'ENGL 30T', 'ENGL 137H', 'CAS 137H']","['or', 'or', 'or', 'or', 'or', 'or', 'or', 'or']"
ENGL 402,Literature and Society,"['ENGL 15', 'ENGL 15A', 'ENGL 15S', 'ENGL 15E', 'ESL 15', 'ENGL 30H', 'ENGL 30T', 'ENGL 137H', 'CAS 137H']","['or', 'or', 'or', 'or', 'or', 'or', 'or', 'or']"
ENGL 403,Literature and Culture,"['ENGL 15', 'ENGL 15A', 'ENGL 15S', 'ENGL 15E', 'ESL 15', 'ENGL 30H', 'ENGL 30T', 'ENGL 137H', 'CAS 137H']","['or', 'or', 'or', 'or', 'or', 'or', 'or', 'or']"
ENGL 404,"Mapping Identity, Difference, and Place","['ENGL 15', 'ENGL 15A', 'ENGL 15S', 'ENGL 15E', 'ESL 15', 'ENGL 30H', 'ENGL 30T', 'ENGL 137H', 'CAS 137H']","['or', 'or', 'or', 'or', 'or', 'or', 'or', 'or']"
ENGL 405,Taking Shakespeare From Page to Stage,"['ENGL 15', 'ENGL 15A', 'ENGL 15S', 'ENGL 15E', 'ESL 15', 'ENGL 30H', 'ENGL 30T', 'ENGL 137H', 'CAS 137H']","['or', 'or', 'or', 'or', 'or', 'or', 'or', 'or']"
ENGL 406M,Honors Course in English: General Topic in Recent Literature,"['ENGL 15', 'ENGL 15A', 'ENGL 15S', 'ENGL 15E', 'ESL 15', 'ENGL 30H', 'ENGL 30T', 'ENGL 137H', 'ENGL 138T']","['or', 'or', 'or', 'or', 'or', 'or', 'or', 'and']"
ENGL 407,History of the English Language,"['ENGL 15', 'ENGL 15A', 'ENGL 15S', 'ENGL 15E', 'ESL 15', 'ENGL 30H', 'ENGL 30T', 'ENGL 137H', 'CAS 137H']","['or', 'or', 'or', 'or', 'or', 'or', 'or', 'or']"
ENGL 408M,Honors Seminar in English: General Topic in Post-1800 Literature,"['ENGL 15', 'ENGL 15A', 'ENGL 15S', 'ENGL 15E', 'ESL 15', 'ENGL 30H', 'ENGL 30T', 'ENGL 137H', 'ENGL 138T']","['or', 'or', 'or', 'or', 'or', 'or', 'or', 'and']"
ENGL 410,Advanced TV Script Writing,['ENGL 281'],[]
ENGL 411M,Honors Seminar in English: Creative Writing,"['ENGL 15', 'ENGL 15A', 'ENGL 15S', 'ENGL 15E', 'ESL 15', 'ENGL 30H', 'ENGL 30T', 'ENGL 137H', 'ENGL 138T']","['or', 'or', 'or', 'or', 'or', 'or', 'or', 'and']"
ENGL 412,Advanced Fiction Writing,"['ENGL 212', 'ENGL 15', 'ENGL 15A', 'ENGL 15S', 'ENGL 15E', 'ESL 15', 'ENGL 30H', 'ENGL 30T', 'ENGL 137H', 'CAS 137H']","['and', 'or', 'or', 'or', 'or', 'or', 'or', 'or', 'or']"
ENGL 413,Advanced Poetry Writing,"['ENGL 213', 'ENGL 15', 'ENGL 15A', 'ENGL 15S', 'ENGL 15E', 'ESL 15', 'ENGL 30H', 'ENGL 30T', 'ENGL 137H', 'CAS 137H']","['and', 'or', 'or', 'or', 'or', 'or', 'or', 'or', 'or']"
ENGL 414,Biographical Writing,"['ENGL 214', 'ENGL 15', 'ENGL 15A', 'ENGL 15S', 'ENGL 15E', 'ESL 15', 'ENGL 30H', 'ENGL 30T', 'ENGL 137H', 'ENGL 138T']","['and', 'or', 'or', 'or', 'or', 'or', 'or', 'or', 'and']"
ENGL 415,Advanced Nonfiction Writing,"['ENGL 212', 'ENGL 215', 'ENGL 15', 'ENGL 15A', 'ENGL 15S', 'ENGL 15E', 'ESL 15', 'ENGL 30H', 'ENGL 30T', 'ENGL 137H', 'ENGL 138T']","['or', 'and', 'or', 'or', 'or', 'or', 'or', 'or', 'or', 'and']"
ENGL 416,Science Writing,"['ENGL 15', 'ENGL 15A', 'ENGL 15S', 'ENGL 15E', 'ESL 15', 'ENGL 30H', 'ENGL 30T', 'ENGL 137H', 'CAS 137H']","['or', 'or', 'or', 'or', 'or', 'or', 'or', 'or']"
ENGL 417,The Editorial Process,"['ENGL 15', 'ENGL 15A', 'ENGL 15S', 'ENGL 15E', 'ESL 15', 'ENGL 30H', 'ENGL 30T', 'ENGL 137H', 'CAS 137H']","['or', 'or', 'or', 'or', 'or', 'or', 'or', 'or']"
ENGL 418,Advanced Technical Writing and Editing,"['ENGL 15', 'ENGL 15A', 'ENGL 15S', 'ENGL 15E', 'ESL 15', 'ENGL 30H', 'ENGL 30T', 'ENGL 137H', 'CAS 137H']","['or', 'or', 'or', 'or', 'or', 'or', 'or', 'or']"
ENGL 419,Advanced Business Writing,"['ENGL 15', 'ENGL 15A', 'ENGL 15S', 'ENGL 15E', 'ESL 15', 'ENGL 30H', 'ENGL 30T', 'ENGL 137H', 'CAS 137H']","['or', 'or', 'or', 'or', 'or', 'or', 'or', 'or']"
ENGL 420,Writing for the Web,"['ENGL 15', 'ENGL 15A', 'ENGL 15S', 'ENGL 15E', 'ESL 15', 'ENGL 30H', 'ENGL 30T', 'ENGL 137H', 'CAS 137H']","['or', 'or', 'or', 'or', 'or', 'or', 'or', 'or']"
ENGL 421,Advanced Expository Writing,"['ENGL 15', 'ENGL 15A', 'ENGL 15S', 'ENGL 15E', 'ESL 15', 'ENGL 30H', 'ENGL 30T', 'ENGL 137H', 'CAS 137H']","['or', 'or', 'or', 'or', 'or', 'or', 'or', 'or']"
ENGL 422,Fiction Workshop,['ENGL 412'],[]
ENGL 424,Creative Writing and the Natural World,"['ENGL 50', 'ENVST 100N']",['or']
ENGL 426,"Chicana and Chicano Cultural Production: Literature, Film, Music","['ENGL 15', 'ENGL 15A', 'ENGL 15S', 'ENGL 15E', 'ESL 15', 'ENGL 30H', 'ENGL 30T', 'ENGL 137H', 'CAS 137H']","['or', 'or', 'or', 'or', 'or', 'or', 'or', 'or']"
ENGL 427,Topics in Jewish American Literature,"['ENGL 15', 'ENGL 15A', 'ENGL 15S', 'ENGL 15E', 'ESL 15', 'ENGL 30H', 'ENGL 30T', 'ENGL 137H', 'CAS 137H']","['or', 'or', 'or', 'or', 'or', 'or', 'or', 'or']"
ENGL 428,Asian American Literatures,['ASIA 428'],[]
ENGL 429,New Media and Literature,['CMLIT 429'],[]
ENGL 430,The American Renaissance,"['ENGL 15', 'ENGL 15A', 'ENGL 15S', 'ENGL 15E', 'ESL 15', 'ENGL 30H', 'ENGL 30T', 'ENGL 137H', 'CAS 137H']","['or', 'or', 'or', 'or', 'or', 'or', 'or', 'or']"
ENGL 431,Black American Writers,"['ENGL 15', 'ENGL 15A', 'ENGL 15S', 'ENGL 15E', 'ESL 15', 'ENGL 30H', 'ENGL 30T', 'ENGL 137H', 'CAS 137H']","['or', 'or', 'or', 'or', 'or', 'or', 'or', 'or']"
ENGL 432,The American Novel to 1900,"['ENGL 15', 'ENGL 15A', 'ENGL 15S', 'ENGL 15E', 'ESL 15', 'ENGL 30H', 'ENGL 30T', 'ENGL 137H', 'CAS 137H']","['or', 'or', 'or', 'or', 'or', 'or', 'or', 'or']"
ENGL 433,The American Novel: 1900-1945,"['ENGL 15', 'ENGL 15A', 'ENGL 15S', 'ENGL 15E', 'ESL 15', 'ENGL 30H', 'ENGL 30T', 'ENGL 137H', 'CAS 137H']","['or', 'or', 'or', 'or', 'or', 'or', 'or', 'or']"
ENGL 434,Topics in American Literature,"['ENGL 15', 'ENGL 15A', 'ENGL 15S', 'ENGL 15E', 'ESL 15', 'ENGL 30H', 'ENGL 30T', 'ENGL 137H', 'CAS 137H']","['or', 'or', 'or', 'or', 'or', 'or', 'or', 'or']"
ENGL 435,The American Short Story,"['ENGL 15', 'ENGL 15A', 'ENGL 15S', 'ENGL 15E', 'ESL 15', 'ENGL 30H', 'ENGL 30T', 'ENGL 137H', 'CAS 137H']","['or', 'or', 'or', 'or', 'or', 'or', 'or', 'or']"
ENGL 436,American Fiction Since 1945,"['ENGL 15', 'ENGL 15A', 'ENGL 15S', 'ENGL 15E', 'ESL 15', 'ENGL 30H', 'ENGL 30T', 'ENGL 137H', 'CAS 137H']","['or', 'or', 'or', 'or', 'or', 'or', 'or', 'or']"
ENGL 437,The Poet in America,"['ENGL 15', 'ENGL 15A', 'ENGL 15S', 'ENGL 15E', 'ESL 15', 'ENGL 30H', 'ENGL 30T', 'ENGL 137H', 'CAS 137H']","['or', 'or', 'or', 'or', 'or', 'or', 'or', 'or']"
ENGL 439,American Nonfiction Prose,"['ENGL 15', 'ENGL 15A', 'ENGL 15S', 'ENGL 15E', 'ESL 15', 'ENGL 30H', 'ENGL 30T', 'ENGL 137H', 'CAS 137H']","['or', 'or', 'or', 'or', 'or', 'or', 'or', 'or']"
ENGL 440,Studies in Shakespeare,"['ENGL 15', 'ENGL 15A', 'ENGL 15S', 'ENGL 15E', 'ESL 15', 'ENGL 30H', 'ENGL 30T', 'ENGL 137H', 'CAS 137H']","['or', 'or', 'or', 'or', 'or', 'or', 'or', 'or']"
ENGL 441,Chaucer,"['ENGL 15', 'ENGL 15A', 'ENGL 15S', 'ENGL 15E', 'ESL 15', 'ENGL 30H', 'ENGL 30T', 'ENGL 137H', 'CAS 137H']","['or', 'or', 'or', 'or', 'or', 'or', 'or', 'or']"
ENGL 442,Medieval English Literature,"['ENGL 15', 'ENGL 15A', 'ENGL 15S', 'ENGL 15E', 'ESL 15', 'ENGL 30H', 'ENGL 30T', 'ENGL 137H', 'CAS 137H']","['or', 'or', 'or', 'or', 'or', 'or', 'or', 'or']"
ENGL 443,The English Renaissance,"['ENGL 15', 'ENGL 15A', 'ENGL 15S', 'ENGL 15E', 'ESL 15', 'ENGL 30H', 'ENGL 30T', 'ENGL 137H', 'CAS 137H']","['or', 'or', 'or', 'or', 'or', 'or', 'or', 'or']"
ENGL 444,Shakespeare,"['ENGL 15', 'ENGL 15A', 'ENGL 15S', 'ENGL 15E', 'ESL 15', 'ENGL 30H', 'ENGL 30T', 'ENGL 137H', 'CAS 137H']","['or', 'or', 'or', 'or', 'or', 'or', 'or', 'or']"
ENGL 445,Shakespeare's Contemporaries,"['ENGL 15', 'ENGL 15A', 'ENGL 15S', 'ENGL 15E', 'ESL 15', 'ENGL 30H', 'ENGL 30T', 'ENGL 137H', 'CAS 137H']","['or', 'or', 'or', 'or', 'or', 'or', 'or', 'or']"
ENGL 446,Milton,"['ENGL 15', 'ENGL 15A', 'ENGL 15S', 'ENGL 15E', 'ESL 15', 'ENGL 30H', 'ENGL 30T', 'ENGL 137H', 'CAS 137H']","['or', 'or', 'or', 'or', 'or', 'or', 'or', 'or']"
ENGL 447,The Restoration and the Eighteenth Century,"['ENGL 15', 'ENGL 15A', 'ENGL 15S', 'ENGL 15E', 'ESL 15', 'ENGL 30H', 'ENGL 30T', 'ENGL 137H', 'CAS 137H']","['or', 'or', 'or', 'or', 'or', 'or', 'or', 'or']"
ENGL 448,The English Novel to Jane Austen,"['ENGL 15', 'ENGL 15A', 'ENGL 15S', 'ENGL 15E', 'ESL 15', 'ENGL 30H', 'ENGL 30T', 'ENGL 137H', 'CAS 137H']","['or', 'or', 'or', 'or', 'or', 'or', 'or', 'or']"
ENGL 449M,Honors Seminar in English: Pre-1800s literature,"['ENGL 15', 'ENGL 15A', 'ENGL 15S', 'ENGL 15E', 'ESL 15', 'ENGL 30H', 'ENGL 30T', 'ENGL 137H', 'CAS 137H']","['or', 'or', 'or', 'or', 'or', 'or', 'or', 'or']"
ENGL 450,The Romantics,"['ENGL 15', 'ENGL 15A', 'ENGL 15S', 'ENGL 15E', 'ESL 15', 'ENGL 30H', 'ENGL 30T', 'ENGL 137H', 'CAS 137H']","['or', 'or', 'or', 'or', 'or', 'or', 'or', 'or']"
ENGL 451,Literary Modernism in English,"['ENGL 15', 'ENGL 15A', 'ENGL 15S', 'ENGL 15E', 'ESL 15', 'ENGL 30H', 'ENGL 30T', 'ENGL 137H', 'CAS 137H']","['or', 'or', 'or', 'or', 'or', 'or', 'or', 'or']"
ENGL 452,The Victorians,"['ENGL 15', 'ENGL 15A', 'ENGL 15S', 'ENGL 15E', 'ESL 15', 'ENGL 30H', 'ENGL 30T', 'ENGL 137H', 'CAS 137H']","['or', 'or', 'or', 'or', 'or', 'or', 'or', 'or']"
ENGL 453,Victorian Novel,"['ENGL 15', 'ENGL 15A', 'ENGL 15S', 'ENGL 15E', 'ESL 15', 'ENGL 30H', 'ENGL 30T', 'ENGL 137H', 'CAS 137H']","['or', 'or', 'or', 'or', 'or', 'or', 'or', 'or']"
ENGL 454,Modern British and Irish Drama,"['ENGL 15', 'ENGL 15A', 'ENGL 15S', 'ENGL 15E', 'ESL 15', 'ENGL 30H', 'ENGL 30T', 'ENGL 137H', 'CAS 137H']","['or', 'or', 'or', 'or', 'or', 'or', 'or', 'or']"
ENGL 455,Topics in British Literature,"['ENGL 15', 'ENGL 15A', 'ENGL 15S', 'ENGL 15E', 'ESL 15', 'ENGL 30H', 'ENGL 30T', 'ENGL 137H', 'CAS 137H']","['or', 'or', 'or', 'or', 'or', 'or', 'or', 'or']"
ENGL 456,"British Fiction, 1900-1945","['ENGL 15', 'ENGL 15A', 'ENGL 15S', 'ENGL 15E', 'ESL 15', 'ENGL 30H', 'ENGL 30T', 'ENGL 137H', 'CAS 137H']","['or', 'or', 'or', 'or', 'or', 'or', 'or', 'or']"
ENGL 457,British Fiction Since 1945,"['ENGL 15', 'ENGL 15A', 'ENGL 15S', 'ENGL 15E', 'ESL 15', 'ENGL 30H', 'ENGL 30T', 'ENGL 137H', 'CAS 137H']","['or', 'or', 'or', 'or', 'or', 'or', 'or', 'or']"
ENGL 458,Twentieth-Century Poetry,"['ENGL 15', 'ENGL 15A', 'ENGL 15S', 'ENGL 15E', 'ESL 15', 'ENGL 30H', 'ENGL 30T', 'ENGL 137H', 'CAS 137H']","['or', 'or', 'or', 'or', 'or', 'or', 'or', 'or']"
ENGL 459,Writing Palestine-Israel,"['ENGL 15', 'ENGL 15A', 'ENGL 15S', 'ENGL 15E', 'ESL 15', 'ENGL 30H', 'ENGL 30T', 'ENGL 137H', 'CAS 137H']","['or', 'or', 'or', 'or', 'or', 'or', 'or', 'or']"
ENGL 460,Business and Literature,"['ENGL 15', 'ENGL 15A', 'ENGL 15S', 'ENGL 15E', 'ESL 15', 'ENGL 30H', 'ENGL 30T', 'ENGL 137H', 'CAS 137H']","['or', 'or', 'or', 'or', 'or', 'or', 'or', 'or']"
ENGL 462,"Reading Black, Reading Feminist","['ENGL 15', 'ENGL 15A', 'ENGL 15S', 'ENGL 15E', 'ESL 15', 'ENGL 30H', 'ENGL 30T', 'ENGL 137H', 'CAS 137H']","['or', 'or', 'or', 'or', 'or', 'or', 'or', 'or']"
ENGL 463,African American Autobiography,"['ENGL 15', 'ENGL 15A', 'ENGL 15S', 'ENGL 15E', 'ESL 15', 'ENGL 30H', 'ENGL 30T', 'ENGL 137H', 'CAS 137H']","['or', 'or', 'or', 'or', 'or', 'or', 'or', 'or']"
ENGL 464M,Honors Seminar in English: Multicultural,"['ENGL 15', 'ENGL 15A', 'ENGL 15S', 'ENGL 15E', 'ESL 15', 'ENGL 30H', 'ENGL 30T', 'ENGL 137H', 'CAS 137H']","['or', 'or', 'or', 'or', 'or', 'or', 'or', 'or']"
ENGL 465,Humanity in Computerized Society,"['ENGL 15', 'ENGL 15A', 'ENGL 15S', 'ENGL 15E', 'ESL 15', 'ENGL 30H', 'ENGL 30T', 'ENGL 137H', 'CAS 137H']","['or', 'or', 'or', 'or', 'or', 'or', 'or', 'or']"
ENGL 466,African American Novel I,"['ENGL 15', 'ENGL 15A', 'ENGL 15S', 'ENGL 15E', 'ESL 15', 'ENGL 30H', 'ENGL 30T', 'ENGL 137H', 'CAS 137H']","['or', 'or', 'or', 'or', 'or', 'or', 'or', 'or']"
ENGL 467,African American Novel II,"['ENGL 15', 'ENGL 15A', 'ENGL 15S', 'ENGL 15E', 'ESL 15', 'ENGL 30H', 'ENGL 30T', 'ENGL 137H', 'CAS 137H']","['or', 'or', 'or', 'or', 'or', 'or', 'or', 'or']"
ENGL 468,African American Poetry,"['ENGL 15', 'ENGL 15A', 'ENGL 15S', 'ENGL 15E', 'ESL 15', 'ENGL 30H', 'ENGL 30T', 'ENGL 137H', 'CAS 137H']","['or', 'or', 'or', 'or', 'or', 'or', 'or', 'or']"
ENGL 469,Slavery and the Literary Imagination,"['ENGL 15', 'ENGL 15A', 'ENGL 15S', 'ENGL 15E', 'ESL 15', 'ENGL 30H', 'ENGL 30T', 'ENGL 137H', 'CAS 137H']","['or', 'or', 'or', 'or', 'or', 'or', 'or', 'or']"
ENGL 470,Rhetorical Theory and Practice,"['ENGL 15', 'ENGL 15A', 'ENGL 15S', 'ENGL 15E', 'ESL 15', 'ENGL 30H', 'ENGL 30T', 'ENGL 137H', 'CAS 137H']","['or', 'or', 'or', 'or', 'or', 'or', 'or', 'or']"
ENGL 471,Rhetorical Traditions,"['ENGL 15', 'ENGL 15A', 'ENGL 15S', 'ENGL 15E', 'ESL 15', 'ENGL 30H', 'ENGL 30T', 'ENGL 137H', 'CAS 137H']","['or', 'or', 'or', 'or', 'or', 'or', 'or', 'or']"
ENGL 472,Current Theories of Writing and Reading,"['ENGL 15', 'ENGL 15A', 'ENGL 15S', 'ENGL 15E', 'ESL 15', 'ENGL 30H', 'ENGL 30T', 'ENGL 137H', 'CAS 137H']","['or', 'or', 'or', 'or', 'or', 'or', 'or', 'or']"
ENGL 473,Rhetorical Approaches to Discourse,"['ENGL 15', 'ENGL 15A', 'ENGL 15S', 'ENGL 15E', 'ESL 15', 'ENGL 30H', 'ENGL 30T', 'ENGL 137H', 'CAS 137H']","['or', 'or', 'or', 'or', 'or', 'or', 'or', 'or']"
ENGL 474,Issues in Rhetoric and Composition,"['ENGL 15', 'ENGL 15A', 'ENGL 15S', 'ENGL 15E', 'ESL 15', 'ENGL 30H', 'ENGL 30T', 'ENGL 137H', 'CAS 137H']","['or', 'or', 'or', 'or', 'or', 'or', 'or', 'or']"
ENGL 475,Comics Studies,"['ENGL 15', 'ENGL 15A', 'ENGL 15S', 'ENGL 15E', 'ESL 15', 'ENGL 30H', 'ENGL 30T', 'ENGL 137H', 'CAS 137H']","['or', 'or', 'or', 'or', 'or', 'or', 'or', 'or']"
ENGL 476,Arab American Literature,"['ENGL 15', 'ENGL 15A', 'ENGL 15S', 'ENGL 15E', 'ESL 15', 'ENGL 30H', 'ENGL 30T', 'ENGL 137H', 'CAS 137H']","['or', 'or', 'or', 'or', 'or', 'or', 'or', 'or']"
ENGL 478,Grant Writing,"['ENGL 15', 'ENGL 15A', 'ENGL 15S', 'ENGL 15E', 'ESL 15', 'ENGL 30H', 'ENGL 30T', 'ENGL 137H', 'CAS 137H', 'ENGL 202A', 'ENGL 202B', 'ENGL 202C', 'ENGL 202D']","['or', 'or', 'or', 'or', 'or', 'or', 'or', 'or', 'and', 'or', 'or', 'or']"
ENGL 480,Communication Design for Writers,"['ENGL 15', 'ENGL 15A', 'ENGL 15S', 'ENGL 15E', 'ESL 15', 'ENGL 30H', 'ENGL 30T', 'ENGL 137H', 'CAS 137H', 'ENGL 202A', 'ENGL 202B', 'ENGL 202C', 'ENGL 202D']","['or', 'or', 'or', 'or', 'or', 'or', 'or', 'or', 'and', 'or', 'or', 'or', 'and', 'or']"
ENGL 481,Literary Theory:  Historical Perspectives,"['ENGL 15', 'ENGL 15A', 'ENGL 15S', 'ENGL 15E', 'ESL 15', 'ENGL 30H', 'ENGL 30T', 'ENGL 137H', 'CAS 137H']","['or', 'or', 'or', 'or', 'or', 'or', 'or', 'or']"
ENGL 482,Contemporary Literary Theory and Practice,"['ENGL 15', 'ENGL 15A', 'ENGL 15S', 'ENGL 15E', 'ESL 15', 'ENGL 30H', 'ENGL 30T', 'ENGL 137H', 'CAS 137H']","['or', 'or', 'or', 'or', 'or', 'or', 'or', 'or']"
ENGL 482W,Contemporary Literary and Cultural Theory,"['ENGL 15', 'ENGL 15A', 'ENGL 15S', 'ENGL 15E', 'ESL 15', 'ENGL 30H', 'ENGL 30T', 'ENGL 137H', 'CAS 137H']","['or', 'or', 'or', 'or', 'or', 'or', 'or', 'or']"
ENGL 483,Problems in Critical Theory and Practice,"['ENGL 15', 'ENGL 15A', 'ENGL 15S', 'ENGL 15E', 'ESL 15', 'ENGL 30H', 'ENGL 30T', 'ENGL 137H', 'CAS 137H']","['or', 'or', 'or', 'or', 'or', 'or', 'or', 'or']"
ENGL 486,The World Novel in English,"['ENGL 15', 'ENGL 15A', 'ENGL 15S', 'ENGL 15E', 'ESL 15', 'ENGL 30H', 'ENGL 30T', 'ENGL 137H', 'CAS 137H']","['or', 'or', 'or', 'or', 'or', 'or', 'or', 'or']"
ENGL 487W,Senior Seminar,"['ENGL 15', 'ENGL 15A', 'ENGL 15S', 'ENGL 15E', 'ESL 15', 'ENGL 30H', 'ENGL 30T', 'ENGL 137H', 'CAS 137H']","['or', 'or', 'or', 'or', 'or', 'or', 'or', 'or']"
ENGL 489,British Women Writers,"['ENGL 15', 'ENGL 15A', 'ENGL 15S', 'ENGL 15E', 'ESL 15', 'ENGL 30H', 'ENGL 30T', 'ENGL 137H', 'ENGL 138T']","['or', 'or', 'or', 'or', 'or', 'or', 'or', 'and']"
ENGL 490,Women Writers and Their Worlds,"['ENGL 15', 'ENGL 15A', 'ENGL 15S', 'ENGL 15E', 'ESL 15', 'ENGL 30H', 'ENGL 30T', 'ENGL 137H', 'CAS 137H']","['or', 'or', 'or', 'or', 'or', 'or', 'or', 'or']"
ENGL 491,The Capstone Course in Professional Writing,"['ENGL 15', 'ENGL 15A', 'ENGL 15S', 'ENGL 15E', 'ESL 15', 'ENGL 30H', 'ENGL 30T', 'ENGL 137H', 'CAS 137H', 'ENGL 202A', 'ENGL 202B', 'ENGL 202C', 'ENGL 202D']","['or', 'or', 'or', 'or', 'or', 'or', 'or', 'or', 'and', 'or', 'or', 'or', 'and', 'and']"
ENGL 492,American Women Writers,"['ENGL 15', 'ENGL 15A', 'ENGL 15S', 'ENGL 15E', 'ESL 15', 'ENGL 30H', 'ENGL 30T', 'ENGL 137H', 'CAS 137H']","['or', 'or', 'or', 'or', 'or', 'or', 'or', 'or']"
ENGL 494,Senior Thesis in English,[],[]
ENGL 494H,Senior Thesis in English,[],[]
ENGL 495,Internship,[],[]
ENGL 496,Independent Studies,[],[]
ENGL 497,Special Topics,[],[]
ENGL 498,Special Topics,[],[]
ENGL 499,Foreign Study--English,[],[]
CAS 83,First-Year Seminar in Communication Arts and Sciences,[],[]
CAS 84,First-Year Seminar in Communication Arts and Sciences,[],[]
CAS 100A,Effective Speech,[],[]
CAS 100B,Effective Speech,[],[]
CAS 100C,Effective Speech,[],[]
CAS 100S,Effective Speech,[],[]
CAS 101N,Introduction to Human Communication,[],[]
CAS 137H,Rhetoric and Civic Life I,['ENGL 137H'],[]
CAS 138T,Rhetoric and Civic Life II,"['ENGL 137H', 'CAS 137H']",['or']
CAS 162N,Communicating Care,"['ENGL 162N', 'SOC 162N']",[]
CAS 170N,What is Information?,['IST 170N'],[]
CAS 175N,Persuasion and Propaganda,[],[]
CAS 182N,Communication and Sport,[],[]
CAS 195,Careers in Communication,[],[]
CAS 197,Special Topics,[],[]
CAS 199,Foreign Studies,[],[]
CAS 200,"Language, Culture, and Communication",[],[]
CAS 203,Interpersonal Communication,[],[]
CAS 204,Communication Research Methods,[],[]
CAS 206,Mediation and Communication,[],[]
CAS 208N,Introduction to Managing Conflict and Bargaining,[],[]
CAS 209,Democratic Leadership,['PLSC 209'],[]
CAS 210,Landmark Speeches on Democracy and Dissent,[],[]
CAS 212,Professional Public Speaking,[],[]
CAS 213,Persuasive Speaking,[],[]
CAS 214W,Speech Writing,"['ENGL 15', 'ENGL 30H', 'CAS 137H', 'ENGL 137H']","['or', 'or', 'or', 'or']"
CAS 215,Argumentation,[],[]
CAS 216,Practical Parliamentary Procedure,['AEE 216'],[]
CAS 220,Persuasion,[],[]
CAS 222N,Foundations: Civic and Community Engagement,"['ENGL 15', 'ENGL 30H', 'CAS 137H', 'ENGL 137H']","['or', 'or', 'or', 'or']"
CAS 232N,"Identity, Citizenship, and the Rhetoric of American Horror Film",[],[]
CAS 240N,Communication and Civility,[],[]
CAS 250,Small Group Communication,[],[]
CAS 251,"Communication, Advocacy, and Entrepreneurship",[],[]
CAS 252,Business and Professional Communication,[],[]
CAS 253,Health Communication,[],[]
CAS 255,Communicating Gender,[],[]
CAS 271N,Intercultural Communication,[],[]
CAS 272N,Political Communication and Technology,[],[]
CAS 280W,Storytelling and Speaking,[],[]
CAS 283,Communication and Information Technology I,[],[]
CAS 295,Internship,[],[]
CAS 296,Independent Studies,[],[]
CAS 296A,**SPECIAL TOPICS**,[],[]
CAS 297,Special Topics,[],[]
CAS 297G,Special Topics - GenEd,[],[]
CAS 297N,Special Topics - Inter Domain,[],[]
CAS 299,Foreign Studies,[],[]
CAS 301,Rhetorical Theory,[],[]
CAS 302,Social Influence,[],[]
CAS 303,Communication Theory,[],[]
CAS 303H,Introduction to Communication Theory- Honors,[],[]
CAS 304,Quantitative Methods for Communication Research,[],[]
CAS 311,Methods of Rhetorical Criticism,[],[]
CAS 315,Debate and Civic Life,[],[]
CAS 321,Rhetoric and Law,[],[]
CAS 352,Organizational Communication,[],[]
CAS 373,The Rhetorics of War and Peace,[],[]
CAS 375,Rhetoric and Public Controversy,[],[]
CAS 383N,Culture and Technology,[],[]
CAS 390,Qualitative Research Methods,[],[]
CAS 395,Forensics Practicum,[],[]
CAS 398,Special Topics,[],[]
CAS 399,Foreign Studies,[],[]
CAS 402,Speech and Human Behavior,[],[]
CAS 403,Interpersonal Communication Theory and Research,[],[]
CAS 404,Conflict Resolution and Negotiation,[],[]
CAS 405,Family Communication Theory and Research,[],[]
CAS 408,Interpersonal Influence,[],[]
CAS 409,Democratic Deliberation,"['PLSC 1', 'CAS 101N', 'CAS 137H', 'ENGL 137H', 'CAS 215', 'CAS 303']","['or', 'or', 'or', 'or', 'or', 'or']"
CAS 411,Rhetorical Criticism,[],[]
CAS 415,Rhetoric of Film and Television,[],[]
CAS 420,Rhetorical Theory,[],[]
CAS 421,Communication and Aging,[],[]
CAS 422,Contemporary African American Communication,[],[]
CAS 426W,Communication Ethics,"['CAS 137H', 'ENGL 137H', 'ENGL 15', 'ENGL 30H']","['and', 'or', 'or', 'or', 'or']"
CAS 438,Rhetoric of Documentary,[],[]
CAS 450W,Group Communication Theory and Research,"['CAS 137H', 'ENGL 137H', 'ENGL 15']","['and', 'or', 'or', 'or']"
CAS 452,Organizational Communication Theory and Research,"['CAS 137H', 'ENGL 137H']","['or', 'or', 'or', 'or']"
CAS 452W,Organizational Communication Theory and Research,"['CAS 137H', 'ENGL 137H', 'ENGL 15', 'ENGL 30H']","['or', 'or', 'or', 'or']"
CAS 453,Health Communication Theory and Research,[],[]
CAS 455,Topics in Gender and Communication,[],[]
CAS 460,Introduction to Honors Thesis,[],[]
CAS 470,Nonverbal Communication,[],[]
CAS 471,Intercultural Communication Theory and Research,[],[]
CAS 475,Studies in Public Address,[],[]
CAS 478,Contemporary U.S. Political Rhetoric,[],[]
CAS 483,Communication and Information Technology II,[],[]
CAS 490,Peer Tutoring for Public Speaking,"['CAS 100A', 'CAS 137H', 'ENGL 137H', 'CAS 138T', 'ENGL 138T']","['or', 'or', 'or', 'or', 'or']"
CAS 493,Undergraduate Teaching Assistantship,[],[]
CAS 494,Research Topics,[],[]
CAS 494H,Research Topics,[],[]
CAS 495,Internship,[],[]
CAS 496,Independent Studies,[],[]
CAS 496H,Introduction to Thesis Research,[],[]
CAS 497,Special Topics,[],[]
CAS 498,Special Topics,[],[]
CAS 499,Foreign Studies,[],[]
ANTH 1,Understanding Humans,[],[]
ANTH 2N,World Archaeology,[],[]
ANTH 8,"Aztec, Inca, Maya",[],[]
ANTH 9N,Rise of Civilization in the Old World,[],[]
ANTH 11,North American Archaeology,[],[]
ANTH 21,Introductory Biological Anthropology,[],[]
ANTH 22,Humans as Primates,[],[]
ANTH 40,Biocultural Evolution,[],[]
ANTH 40Q,Biocultural Evolution,[],[]
ANTH 45N,Cultural Diversity: A Global Perspective,[],[]
ANTH 45Q,Cultural Diversity: A Global Perspective,[],[]
ANTH 60N,Society and Cultures in Modern Israel,"['JST 60N', 'PLSC 60N', 'SOC 60N']",[]
ANTH 83S,First-Year Seminar in Anthropology,[],[]
ANTH 100N,Anthropology of Race and Racism,[],[]
ANTH 120,First Farmers,[],[]
ANTH 129N,Chocolate Worlds,"['HIST 129N', 'PLANT 129N']",[]
ANTH 140,Anthropology of Alcohol,[],[]
ANTH 146,Indigenous North America,[],[]
ANTH 150N,Human Nature: The Science of Extreme Altruism and Violence,['PSYCH 150N'],[]
ANTH 150Q,Human Nature: The Science of Extreme Altruism and Violence,['PSYCH 150Q'],[]
ANTH 152,Hunters and Gatherers,[],[]
ANTH 197,Special Topics,[],[]
ANTH 199,Foreign Studies,[],[]
ANTH 210N,"Anthropology, Ancestry, and You",[],[]
ANTH 216N,Sex and Evolution,[],[]
ANTH 219N,Spillover: The Anthropology of Emerging Infectious Diseases,[],[]
ANTH 220,Anthropology and Art/ifacts,[],[]
ANTH 221N,Ancient Maya: Sacred Blood & Conjured Serpent,[],[]
ANTH 222,Archaeology of Domesticated Animals,[],[]
ANTH 240N,Livelihoods and Ecosystems: Anthropological Approaches to Human-Environment Interaction,[],[]
ANTH 294,Research Project,[],[]
ANTH 296,Independent Studies,[],[]
ANTH 297,Special Topics,[],[]
ANTH 299,Foreign Studies,[],[]
ANTH 303,Race and Gender in the Americas: Latin American and Caribbean Cultures,"['AFAM 303', 'WMNST 303']",[]
ANTH 321W,Intellectual Background of Archaeology,[],[]
ANTH 395,Internship,[],[]
ANTH 399,Foreign Studies,[],[]
ANTH 401,Human Evolution: The Material Evidence,[],[]
ANTH 403,Evolution of Human Walking,[],[]
ANTH 405,Primatology,[],[]
ANTH 408,Anthropological Demography,[],[]
ANTH 410,Osteology,[],[]
ANTH 411,Skeletal Forensic Anthropology,[],[]
ANTH 412,Settlement Demography,['ANTH 21'],[]
ANTH 413,Molecular Forensic Anthropology,[],[]
ANTH 414,Microbial Insights into Anthropology,"['ANTH 21', 'ANTH 461']",['and']
ANTH 416,The Evolution of Human Mating,[],[]
ANTH 418,Medical Anthropology,[],[]
ANTH 419,Anthropology and One Health,[],[]
ANTH 420,Archaeology of the Near East,[],[]
ANTH 422,Meso-American Archaeology and Ethnography,[],[]
ANTH 423,The Evolution of American Indian Culture,[],[]
ANTH 424,Andean Ethnology and Archaeology,[],[]
ANTH 425,Zooarchaeology,[],[]
ANTH 426W,Archaeological Laboratory Analysis,[],[]
ANTH 427W,Forensic Archaeology,['ANTH 2N'],[]
ANTH 428,Archaeological Methods and Theory,[],[]
ANTH 430,Ancient Brews,['ANTH 140'],[]
ANTH 432,Environmental Archaeology,[],[]
ANTH 433,Archaeological Ethics and Law,[],[]
ANTH 434N,Black Ecologies,[],[]
ANTH 435,Ancient Economy,[],[]
ANTH 439W,Studies in Classical and Ancient Mediterranean Archaeology,[],[]
ANTH 444,The Evolution of War,[],[]
ANTH 445W,Ethnographic Film,[],[]
ANTH 446,Mating and Marriage,[],[]
ANTH 448,Ethnography of the United States,[],[]
ANTH 453,Anthropology of Religion,[],[]
ANTH 457,"Jewish Communities: Identity, Survival, and Transformation in Unexpected   Places",[],[]
ANTH 458,Ethnographic Field Methods,[],[]
ANTH 460,Human Genetics,"['ANTH 21', 'BIOL 133', 'BIOL 222', 'BIOL 230W', 'BIOL 230M', 'BIOL 322', 'BMB 251', 'BMB 251H']","['or', 'or', 'or', 'or', 'or', 'or', 'or']"
ANTH 460H,Honors Human Genetics,"['ANTH 21', 'BIOL 133', 'BIOL 222', 'BIOL 230W', 'BIOL 230M', 'BIOL 322', 'BMB 251', 'BMB 251H']","['or', 'or', 'or', 'or', 'or', 'or', 'or']"
ANTH 461,Molecular Anthropology,[],[]
ANTH 466,The Skull,[],[]
ANTH 475H,Anthropology of Food Honors,[],[]
ANTH 476W,Anthropology of Gender,[],[]
ANTH 479,"Tradition, Modernity, and Cultural Change in South Asian Societies",[],[]
ANTH 480,Anthropology Museum Studies,"['ANTH 2N', 'ANTH 45N']",['or']
ANTH 492,Intermediate Field Methods,[],[]
ANTH 493,Field Techniques,[],[]
ANTH 494,Research Project,[],[]
ANTH 494H,Research Project,[],[]
ANTH 495,Internship,[],[]
ANTH 496,Independent Studies,[],[]
ANTH 497,Special Topics,[],[]
ANTH 499,Foreign Studies,[],[]
IST 97,Special Topics,[],[]
IST 99,Foreign Studies,[],[]
IST 110,"Information, People and Technology",[],[]
IST 111,Seminar in IST,[],[]
IST 111S,Seminar in Information Sciences and Technology,[],[]
IST 130,Emerging Technologies in Popular Culture,[],[]
IST 140,Introduction to Application Development,[],[]
IST 144N,Invasion of Technology from a 21st Century Perspective,[],[]
IST 170N,What is Information?,['CAS 170N'],[]
IST 197,Special Topics,[],[]
IST 197G,Special Topics - GenEd,[],[]
IST 199,Foreign Studies,[],[]
IST 210,Organization of Data,[],[]
IST 220,Networking and Telecommunications,[],[]
IST 222H,Community Informatics,[],[]
IST 225,PC Hardware Basics,['IST 220'],[]
IST 226,Networking Essentials,['IST 220'],[]
IST 227,Network Administration,['IST 226'],[]
IST 228,Advanced Network Administration,['IST 226'],[]
IST 230,"Language, Logic, and Discrete Mathematics","['MATH 110', 'MATH 140']",['or']
IST 234N,Digital Cultures,['COMM 234N'],[]
IST 235,Gender and the Global Information Technology Sector,['WMNST 235'],[]
IST 237,Digital Entrepreneurship,"['MGMT 215', 'ENGR 310']",['or']
IST 240,Introduction to Computer Languages,"['IST 140', 'CMPSC 101', 'CMPSC 121', 'CMPSC 131']","['or', 'or', 'or', 'or']"
IST 242,Intermediate & Object-Oriented Application Development,"['IST 140', 'IST 240', 'CMPSC 121', 'CMPSC 131']","['or', 'or', 'or', 'or']"
IST 250,Introduction to Web Design and Development,[],[]
IST 256,Programming for the Web,"['IST 250', 'IST 242', 'CMPSC 122', 'CMPSC 132']","['or', 'or', 'or']"
IST 260W,Introduction to Systems Analysis and Design,"['IST 210', 'IST 220', 'ENGL 15']","['or', 'and', 'and']"
IST 261,Application Development Design Studio I,"['IST 242', 'CMPSC 221']","['or', 'or']"
IST 294,Research Project,[],[]
IST 295A,Distributed Team Project,['IST 110'],[]
IST 295B,IST Internship,['IST 110'],[]
IST 296,Independent Studies,[],[]
IST 297,Special Topics,[],[]
IST 298,Special Topics,[],[]
IST 299,Foreign Studies,[],[]
IST 310,Digital Media Metrics,['COMM 310'],[]
IST 337,Technologies for Digital Entrepreneurs,['IST 237'],[]
IST 389,Leadership and Technology for Instruction,"['IST 110', 'SRA 111']",['or']
IST 390,Introduction to Professional Development,[],[]
IST 397,Special Topics,[],[]
IST 398,Special Topics,[],[]
IST 399,Foreign Studies,[],[]
IST 402,Emerging Issues and Technologies,"['IST 210', 'IST 220']",['and']
IST 425,New Venture Creation,"['ECON 102', 'MGMT 215', 'CAS 138T', 'EMSC 100S']","['or', 'or', 'or', 'and', 'or', 'or']"
IST 426,Invention Commercialization,"['ECON 102', 'ECON 104', 'ECON 14']","['or', 'or', 'and']"
IST 431,The Information Environment,"['IST 210', 'IST 220']",['and']
IST 432,Legal and Regulatory Environment of Information Science and Technology,"['ETI 301', 'SRA 231']","['or', 'or']"
IST 437,Digital Design & Innovation,['IST 237'],[]
IST 440W,Information Sciences and Technology Integration and Problem Solving,"['ENGL 202C', 'ENGL 202D']","['or', 'and']"
IST 442,Information Technology in an International Context,['IST 110'],[]
IST 445,Globalization Trends and World Issues,[],[]
IST 450,Digital Advertising,"['COMM 310', 'IST 310', 'COMM 422']","['or', 'or']"
IST 450A,Digital Campaigns,"['COMM 450', 'IST 450']",['or']
IST 452,Legal and Regulatory Environment of Privacy and Security,['IST 432'],[]
IST 453,"Legal, Regulatory, Policy Environment of Cyber Forensics",['IST 110'],[]
IST 461,Database Management and Administration,"['IST 210', 'IST 240']",['and']
IST 489,Research Methods for the Information Sciences and Technology,['IST 110'],[]
IST 494,Research Project,[],[]
IST 494H,Honors Thesis Research,[],[]
IST 495,Internship,[],[]
IST 496,Independent Studies,[],[]
IST 497,Special Topics,[],[]
IST 498,Special Topics,[],[]
IST 499,IST 499: Foreign Studies,[],[]
ECON 14,Principles of Economics,[],[]
ECON 102,Introductory Microeconomic Analysis and Policy,[],[]
ECON 102H,Introductory Microeconomic Analysis and Policy (Honors),"['MATH 110', 'MATH 140']",['or']
ECON 104,Introductory Macroeconomic Analysis and Policy,[],[]
ECON 104H,Introductory Macroeconomic Analysis and Policy (Honors),"['MATH 110', 'MATH 140']",['or']
ECON 106,Statistical Foundations for Econometrics,['MATH 21'],[]
ECON 197,Special topics,[],[]
ECON 199,Foreign Studies,[],[]
ECON 296,Independent Studies,[],[]
ECON 297,Special Topics,[],[]
ECON 299,Foreign Studies,[],[]
ECON 302,Intermediate Microeconomic Analysis,['ECON 102'],[]
ECON 302H,Intermediate Microeconomic Analysis (Honors),"['ECON 102', 'MATH 110', 'MATH 140']","['and', 'or']"
ECON 304,Intermediate Macroeconomic Analysis,['ECON 104'],[]
ECON 304H,Intermediate Macroeconomic Analysis (Honors),"['ECON 104', 'MATH 110', 'MATH 140']","['and', 'or']"
ECON 306,Introduction to Econometrics,['ECON 106'],[]
ECON 306H,Introduction to Econometrics,"['ECON 106', 'MATH 110', 'MATH 140']","['and', 'or']"
ECON 315,Labor Economics,['ECON 102'],[]
ECON 323,Public Finance,['ECON 102'],[]
ECON 333,International Economics,"['ECON 102', 'ECON 104', 'ECON 14']","['or', 'or']"
ECON 342,Industrial Organization,['ECON 102'],[]
ECON 351,Money and Banking,['ECON 104'],[]
ECON 395,Internship,[],[]
ECON 397,Special Topics,[],[]
ECON 399,Foreign Studies,[],[]
ECON 400M,Honors Seminar in Economics,"['ECON 302', 'ECON 304']","['and', 'and', 'and']"
ECON 402,Decision Making and Strategy in Economics,"['ECON 302', 'ECON 106', 'SCM 200', 'STAT 200']","['and', 'or', 'or']"
ECON 407,Political Economy,['ECON 302'],[]
ECON 410,Economics of Labor Markets,['ECON 102'],[]
ECON 411,Behavioral Economics,"['ECON 302', 'ECON 444']",['or']
ECON 412,"Labor Economics and Labor Markets: Theory, Evidence, and Policy","['ECON 306', 'ECON 302', 'ECON 315']","['and', 'or']"
ECON 413,Economic Growth and the Challenges of World Poverty,"['ECON 304', 'ECON 471']",['and']
ECON 415,The Economics of Global Climate Change,"['ECON 302', 'ECON 306']",['and']
ECON 417,The Economics of Uncertainty,['ECON 302'],[]
ECON 422,Applying Monetary Theory and Monetary History,['ECON 302'],[]
ECON 425,Economics of Public Expenditures,"['ECON 302', 'ECON 323']",['or']
ECON 428,Environmental Economics,"['ECON 302', 'ECON 323']",['or']
ECON 429,Public Finance and Fiscal Policy,"['ECON 323', 'ECON 302', 'ECON 304']","['and', 'or']"
ECON 430,Regional Economic Analysis,"['ECON 102', 'ECON 104']",['or']
ECON 432,Urban Economics,"['ECON 302', 'ECON 323']",['or']
ECON 433,Advanced International Trade Theory and Policy,"['ECON 302', 'ECON 333']",['or']
ECON 434,International Finance and Open Economy Macroeconomics,"['ECON 304', 'ECON 333']",['or']
ECON 436,Economics of Discrimination,"['ECON 302', 'ECON 315']",['or']
ECON 437,Multinationals and the Globalization of Production,"['ECON 302', 'ECON 333']",['or']
ECON 438,Winners and Losers from Globalization,"['ECON 306', 'ECON 302', 'ECON 333']","['and', 'or']"
ECON 442,Managerial Economics,['ECON 102'],[]
ECON 443,Economics of Law and Regulation,"['ECON 302', 'ECON 342']",['or']
ECON 444,Economics of the Corporation,['ECON 302'],[]
ECON 445,Health Economics,"['ECON 302', 'ECON 315', 'ECON 323']","['or', 'or']"
ECON 447,Economics of Sports,"['ECON 302', 'ECON 306']",['or']
ECON 448,Economics of Auctions and Procurements,"['ECON 302', 'ECON 306']",['and']
ECON 449,Economics of Collusion,"['ECON 302', 'ECON 342', 'ECON 306']","['or', 'and']"
ECON 451,Monetary Theory and Policy,"['ECON 304', 'ECON 351']",['or']
ECON 452,Economics of the Financial Crisis,['ECON 304'],[]
ECON 454,Economics of Mergers,['ECON 302'],[]
ECON 460,Issues in Sports Economics,"['ECON 102', 'ECON 447', 'ECON 460']",['or']
ECON 465,Cross Sectional Econometrics,"['ECON 106', 'ECON 306']",['and']
ECON 470,International Trade and Finance,"['ECON 102', 'ECON 104']",['or']
ECON 471,Growth and Development,"['ECON 302', 'ECON 304']",['or']
ECON 472N,Russian Economic History,"['ECON 102', 'ECON 104']",['and']
ECON 474,Experimental and Behavioral Economics,"['ECON 102', 'ECON 104']",['and']
ECON 475,Migration and Development,"['ECON 306', 'ECON 302', 'ECON 304']","['and', 'or']"
ECON 479,Economics of Matching,['ECON 302'],[]
ECON 480,Mathematical Economics,"['ECON 302', 'ECON 304', 'MATH 110']","['and', 'and']"
ECON 481,Business Forecasting Techniques,"['SCM 200', 'STAT 200']",['or']
ECON 483,Economic Forecasting,['ECON 306'],[]
ECON 485,Econometric Techniques,"['ECON 102', 'ECON 104', 'SCM 200', 'STAT 200']","['or', 'and', 'or']"
ECON 489M,Honors Thesis,"['ECON 302', 'ECON 304']","['and', 'and']"
ECON 494,Research Project,[],[]
ECON 494A,Research Project,[],[]
ECON 494H,Research Project,[],[]
ECON 495,Internship,[],[]
ECON 496,Independent Studies,[],[]
ECON 497,Special Topics,[],[]
ECON 499,Foreign Study--Economics,"['ECON 102', 'ECON 104']",['and']
MUSIC 4,Film Music,[],[]
MUSIC 5,An Introduction to Western Music,[],[]
MUSIC 7,Evolution of Jazz,[],[]
MUSIC 8,Rudiments of Music,[],[]
MUSIC 8H,Rudiments of Music,[],[]
MUSIC 9,Introduction to World Musics,[],[]
MUSIC 11,Under the Hood: How Classical Music Works,[],[]
MUSIC 22,"Women, Gender, and Sexuality Studies in Music",[],[]
MUSIC 40,First-Year Seminar in Music,[],[]
MUSIC 50,Beginning Piano: Non-Music Major,[],[]
MUSIC 51,Intermediate Class Piano: Non-Music Major,['MUSIC 50'],[]
MUSIC 52,Voice Class: Non-Music Major,[],[]
MUSIC 54,Beginning Class Guitar: Non-Music Major,[],[]
MUSIC 76,Chamber Orchestra,[],[]
MUSIC 77,Philharmonic Orchestra,[],[]
MUSIC 78,Symphonic Wind Ensemble,[],[]
MUSIC 79,Pep Band,[],[]
MUSIC 80,Symphonic Band,[],[]
MUSIC 81,Marching Blue Band,[],[]
MUSIC 82,Concert Band,[],[]
MUSIC 83,Campus Band,[],[]
MUSIC 84,Jazz Ensemble,[],[]
MUSIC 86,Percussion Ensemble,[],[]
MUSIC 87,Mallet Ensemble,[],[]
MUSIC 88,Campus Choir,[],[]
MUSIC 89,University Choir,[],[]
MUSIC 90,Glee Club,[],[]
MUSIC 91,Oriana Singers,[],[]
MUSIC 92,Chamber Music for Voices,[],[]
MUSIC 93,Essence of Joy,[],[]
MUSIC 94,Women's Chorale,[],[]
MUSIC 98,Special Topics,[],[]
MUSIC 100,Campus Orchestra,[],[]
MUSIC 101,Music Common Hour,[],[]
MUSIC 103,Concert Choir,[],[]
MUSIC 104,Chamber Singers,[],[]
MUSIC 106,Early Music Ensemble,[],[]
MUSIC 109,The Music of the Beatles,[],[]
MUSIC 110,Keyboard Skills I: Music Major,[],[]
MUSIC 112,Guitar Techniques I,[],[]
MUSIC 113,Music Theatre--Class Voice I,[],[]
MUSIC 114,Music Theatre--Class Voice II,[],[]
MUSIC 116,Intermediate Voice Class,[],[]
MUSIC 119,First-Year Music Seminar,[],[]
MUSIC 121,Basic Musicianship I,[],[]
MUSIC 122,Basic Musicianship II,"['MUSIC 121', 'MUSIC 132']",[]
MUSIC 127,Introduction to Music Technology,[],[]
MUSIC 129S,First-Year Performance Seminar,[],[]
MUSIC 131,Music Theory I,[],[]
MUSIC 132,Music Theory II,"['MUSIC 131', 'MUSIC 122']",[]
MUSIC 151,Brass Techniques I,[],[]
MUSIC 152,Percussion Techniques I,[],[]
MUSIC 153,String Techniques I,[],[]
MUSIC 154,Woodwind Techniques I,[],[]
MUSIC 162,Introduction to Music History,['MUSIC 132'],[]
MUSIC 170,Keyboard Skills II: Music Major,[],[]
MUSIC 173,First-Year Composition Seminar,[],[]
MUSIC 174,Composition II,[],[]
MUSIC 177,ROARS lab,[],[]
MUSIC 181,Jazz Improvisation I,[],[]
MUSIC 182,Jazz Improvisation II,['MUSIC 181'],[]
MUSIC 188,Chamber Music for Mixed Ensemble,[],[]
MUSIC 189,Studio Ensemble,[],[]
MUSIC 190,Chamber Music for Strings,[],[]
MUSIC 191,Chamber Music for Woodwinds,[],[]
MUSIC 192,Chamber Music for Brass,[],[]
MUSIC 193,Sonata Duos,[],[]
MUSIC 194,Studio and Recital Accompanying,"['KEYBD 120', 'KEYBD 130']","['or', 'or']"
MUSIC 197,**SPECIAL TOPICS**,[],[]
MUSIC 199,Foreign Studies,[],[]
MUSIC 207N,Jazz and the African American Experience,['AFAM 207N'],[]
MUSIC 209N,The Music of the Beatles and American Popular Culture,['ENGL 208N'],[]
MUSIC 210,Keyboard Skills III: Music Major,[],[]
MUSIC 212,Guitar Techniques II,['MUSIC 112'],[]
MUSIC 215,The Craft of Singing,[],[]
MUSIC 221,Basic Musicianship III,['MUSIC 122'],[]
MUSIC 222,Basic Musicianship IV,['MUSIC 221'],[]
MUSIC 231,Music Theory III,['MUSIC 132'],[]
MUSIC 240,Introduction to Music Education,[],[]
MUSIC 241,Music for Classroom Teachers,[],[]
MUSIC 251A,Brass Techniques II: Trumpet,['MUSIC 151'],[]
MUSIC 251B,Brass Techniques II: Horn,['MUSIC 151'],[]
MUSIC 251C,Brass Techniques II: Trombone,['MUSIC 151'],[]
MUSIC 251D,Brass Techniques II: Euphonium/Tuba,['MUSIC 151'],[]
MUSIC 253,String Techniques II,['MUSIC 153'],[]
MUSIC 254A,Woodwind Techniques II: Flute,['MUSIC 154'],[]
MUSIC 254B,Woodwind Techniques II: Oboe,['MUSIC 154'],[]
MUSIC 254C,Woodwind Techniques II: Clarinet,['MUSIC 154'],[]
MUSIC 254D,Woodwind Techniques II: Saxophone,['MUSIC 154'],[]
MUSIC 254E,Woodwind Techniques II: Bassoon,['MUSIC 154'],[]
MUSIC 261,Survey of Music History I,"['MUSIC 131', 'MUSIC 162']",['and']
MUSIC 262,Survey of Music History II,"['MUSIC 132', 'MUSIC 162']",['and']
MUSIC 262H,Survey of Music History II,[],[]
MUSIC 266,Basic Conducting,"['MUSIC 221', 'MUSIC 231']",['and']
MUSIC 267,Techniques of Composition,['MUSIC 231'],[]
MUSIC 270,Keyboard Skills IV: Music Major,[],[]
MUSIC 273,Composition III,[],[]
MUSIC 274,Composition IV,[],[]
MUSIC 277A,ROARS lab III,[],[]
MUSIC 295A,Early Field Experience in Music Education,"['MUSIC 240', '4']",['and']
MUSIC 296,Independent Studies,[],[]
MUSIC 297,Special Topics,[],[]
MUSIC 299,Foreign Studies,[],[]
MUSIC 312,Performance of Diverse Musical Styles,[],[]
MUSIC 331,Tonal Analysis,"['MUSIC 221', 'MUSIC 231']",['and']
MUSIC 332,Analysis of Twentieth Century Music,['MUSIC 231'],[]
MUSIC 341,Instructional Materials in Music,"['MUSIC 240', 'MUSIC 295A']",['and']
MUSIC 341B,Instructional Practices in General Music,[],[]
MUSIC 345,Instructional Practices in Music,"['MUSIC 240', 'MUSIC 341', 'MUSIC 395B']",['and']
MUSIC 366,Intermediate Conducting,"['MUSIC 266', 'MUSIC 332']",['and']
MUSIC 373,Composition V,[],[]
MUSIC 374,Composition VI,[],[]
MUSIC 387,Language Diction for Singers: Italian and English,[],[]
MUSIC 388,Language Diction for Singers: French,[],[]
MUSIC 389,Language Diction for Singers: German,[],[]
MUSIC 395,**SPECIAL TOPICS**,[],[]
MUSIC 395A,Cohort Practicum I,"['MUSIC 240', 'MUSIC 341']",[]
MUSIC 395B,Cohort Practicum II,"['MUSIC 341', 'MUSIC 395A']",['and']
MUSIC 395C,Practicum in Music Teaching,[],[]
MUSIC 399,Foreign Studies,[],[]
MUSIC 400,Solo Recital,[],[]
MUSIC 404,Adv Chamber Singer,"['MUSIC 89', 'MUSIC 104']",['or']
MUSIC 412,Jazz Pedagogy,[],[]
MUSIC 414,String Pedagogy,"['STRNG 320', 'STRNG 321', 'STRNG 322', 'STRNG 323', 'STRNG 324', 'STRNG 330', 'STRNG 331', 'STRNG 332', 'STRNG 333', 'STRNG 334']","['or', 'or', 'or', 'or', 'or', 'or', 'or', 'or', 'or']"
MUSIC 415,Woodwind Pedagogy,"['WWNDS 320', 'WWNDS 321', 'WWNDS 322', 'WWNDS 323', 'WWNDS 324', 'WWNDS 330', 'WWNDS 331', 'WWNDS 332', 'WWNDS 333', 'WWNDS 334']","['or', 'or', 'or', 'or', 'or', 'or', 'or', 'or', 'or']"
MUSIC 416,Brass Pedagogy,"['BRASS 320', 'BRASS 321', 'BRASS 322', 'BRASS 323', 'BRASS 324', 'BRASS 330', 'BRASS 331', 'BRASS 332', 'BRASS 333', 'BRASS 334']","['or', 'or', 'or', 'or', 'or', 'or', 'or', 'or', 'or']"
MUSIC 417,Percussion Pedagogy,"['PERCN 320', 'PERCN 330']","['or', 'or', 'or']"
MUSIC 418,Voice Pedagogy,"['VOICE 270', 'VOICE 280']","['or', 'or']"
MUSIC 419,Piano Pedagogy I,"['KEYBD 270', 'KEYBD 280', 'MUSIC 332']","['or', 'or']"
MUSIC 420,Song Writing and Recording,"['INART 258A', 'INART 258B']",['or']
MUSIC 421,Jazz Combo Class,[],[]
MUSIC 422,Jazz Harmony and Arranging,"['MUSIC 222', 'MUSIC 332']",['and']
MUSIC 423,Music Entrepreneurship,[],[]
MUSIC 424,Piano Pedagogy II,"['KEYBD 270', 'KEYBD 280', 'MUSIC 332']","['or', 'or']"
MUSIC 425,Advanced Voice Pedagogy,['MUSIC 418'],[]
MUSIC 429,Aural Review for Graduate Students,[],[]
MUSIC 431,Advanced Tonal Analysis,['MUSIC 332'],[]
MUSIC 432,Graduate Review of Twentieth-Century Analysis,"['MUSIC 262', 'MUSIC 332']",['and']
MUSIC 433,Advanced Analysis of Twentieth-Century Music,"['MUSIC 262', 'MUSIC 332']",['and']
MUSIC 434,History of Electroacoustic Music,"['INART 258A', 'INART 258B']",['or']
MUSIC 435,Score Reading,['MUSIC 332'],[]
MUSIC 437,Music Information Retrieval and Computer-Assisted Music,[],[]
MUSIC 438,The Business of Music,[],[]
MUSIC 439,Sound Design For Game Audio,[],[]
MUSIC 441W,Emphasis in Elementary General Music,"['MUSIC 345', 'MUSIC 395B']",['and']
MUSIC 442W,Emphasis in Secondary General Music,"['MUSIC 345', 'MUSIC 395B']",['and']
MUSIC 443W,Choral Emphasis in Secondary Music Education,"['MUSIC 345', 'MUSIC 387', 'MUSIC 395B']","['and', 'and']"
MUSIC 444W,Emphasis in Elementary and Intermediate Band,"['MUSIC 395B', 'MUSIC 345']",['and']
MUSIC 445W,Emphasis in High School Band,"['MUSIC 395B', 'MUSIC 345']",['and']
MUSIC 446W,Emphasis in Strings and Orchestra,"['MUSIC 345', 'MUSIC 395B']",['and']
MUSIC 450,Teaching Marching Band,['MUSIC 345'],[]
MUSIC 451,Computer Programming for Musicians,['INART 258A'],[]
MUSIC 452,Computer Music Synthesis,['INART 258A'],[]
MUSIC 453,Recording Studio Training,[],[]
MUSIC 455,Technology in Music,['INART 258A'],[]
MUSIC 458,Electronic Music Composition I,['MUSIC 127'],[]
MUSIC 459,Electronic Music Composition II,[],[]
MUSIC 460,Teaching Musical Cultures,['MUSIC 262'],[]
MUSIC 461W,Studies in Music History: Antiquity to 1600,"['MUSIC 261', 'MUSIC 332']",['and']
MUSIC 462W,Studies in Music History: 1550-1750,"['MUSIC 261', 'MUSIC 332']",['and']
MUSIC 463W,Studies in Music History: 1700-1900,"['MUSIC 261', 'MUSIC 332']",['and']
MUSIC 464W,Studies in Music History: 1850-Present,"['MUSIC 262', 'MUSIC 332']",['and']
MUSIC 465,Advanced Conducting I,['MUSIC 366'],[]
MUSIC 466,Advanced Conducting II,['MUSIC 366'],[]
MUSIC 467,Opera Workshop,[],[]
MUSIC 468,Acting for Singers,[],[]
MUSIC 472,Eighteenth-Century Counterpoint,"['MUSIC 221', 'MUSIC 231']",['and']
MUSIC 473,Composition VII,[],[]
MUSIC 474,Composition VIII,[],[]
MUSIC 476W,B.A. Senior Project,[],[]
MUSIC 478,Vocal Literature,"['MUSIC 262', 'MUSIC 332']",['and']
MUSIC 480,Opera Literature,"['MUSIC 231', 'MUSIC 262']",['and']
MUSIC 481,Keyboard Literature,"['MUSIC 262', 'MUSIC 332']",['and']
MUSIC 483,Seminar in Voice Pedagogy,['MUSIC 418'],[]
MUSIC 485,Chamber Music Literature,"['MUSIC 262', 'MUSIC 332']",['and']
MUSIC 487,Orchestral Literature,"['MUSIC 262', 'MUSIC 332']",['and']
MUSIC 488,Studies in the Major Performance Area,[],[]
MUSIC 489,Studio and Recital Accompaniment,['MUSIC 194'],[]
MUSIC 491,Advanced Chamber Ensemble,"['MUSIC 190', 'MUSIC 191', 'MUSIC 192']","['or', 'or', 'and']"
MUSIC 493,Sonata Duos,['MUSIC 193'],[]
MUSIC 494,Research Topics,[],[]
MUSIC 494H,Research Topics,[],[]
MUSIC 495,Internship,[],[]
MUSIC 495A,Student Teaching: General Music,"['MUSIC 441W', 'MUSIC 442W', 'MUSIC 443W', 'MUSIC 444W', 'MUSIC 445W', 'MUSIC 446W']","['or', 'or', 'or', 'or', 'or']"
MUSIC 495B,Student Teaching: Choral Music,"['MUSIC 441W', 'MUSIC 442W', 'MUSIC 443W', 'MUSIC 444W', 'MUSIC 445W', 'MUSIC 446W']","['or', 'or', 'or', 'or', 'or']"
MUSIC 495C,Student Teaching: Instrumental Music,"['MUSIC 441W', 'MUSIC 442W', 'MUSIC 443W', 'MUSIC 444W', 'MUSIC 445W', 'MUSIC 446W']","['or', 'or', 'or', 'or', 'or']"
MUSIC 496,Independent Studies,[],[]
MUSIC 496H,Independent Studies - Honors,[],[]
MUSIC 497,Special Topics,[],[]
MUSIC 499,Foreign Studies,[],[]
BBH 48,Values and Health Behavior,[],[]
BBH 101,Introduction to Biobehavioral Health,[],[]
BBH 101H,Introduction to Biobehavioral Health,[],[]
BBH 102S,"Values, Health, & Academic Success",[],[]
BBH 119,"Behavior, Health, and Disease",[],[]
BBH 123S,First-Year Seminar in Biobehavioral Health,['PSU 14'],[]
BBH 130,Strategies for Addressing the Obesity and Diabetes Epidemics,[],[]
BBH 143,"Drugs, Behavior, and Health",[],[]
BBH 146,Introduction to Health and Human Sexuality,[],[]
BBH 148,Coping with College:  A First Year Transition Seminar,[],[]
BBH 150N,Safe and Sound: The Intersection of Criminal Justice and Public Health,['CRIMJ 150N'],[]
BBH 197,Special Topics,[],[]
BBH 199,Foreign Studies,[],[]
BBH 201N,Health and the Media,['ENGL 15'],[]
BBH 203,Neurological Bases of Human Behavior,['PSYCH 260'],[]
BBH 204,Methods in Neuroscience Research,[],[]
BBH 210,Biobehavioral Aspects of Genetics,"['BIOL 110', 'BIOL 161']",['or']
BBH 251,Straight Talks I: Advanced Sexual Orientation/Gender Identity Peer         Education,[],[]
BBH 296,Independent Studies,[],[]
BBH 297,Special Topics,[],[]
BBH 299,Foreign Studies,[],[]
BBH 301W,Values and Ethics in Biobehavioral Health Research and Practice,['BBH 101'],[]
BBH 302,Diversity and Health,"['BBH 101', 'SOC 1']",['or']
BBH 305,Introduction to Global Health Issues,['BBH 101'],[]
BBH 310,Research Strategies for Studying Biobehavioral Health,"['STAT 200', 'STAT 250', 'BBH 101']","['or', 'or', 'and']"
BBH 310H,Research Strategies for Studying Biobehavioral Health,"['BBH 101', 'STAT 200', 'STAT 250']","['or', 'and', 'or']"
BBH 311,Interdisciplinary Integration in Biobehavioral Health,"['BBH 101', 'BIOL 110', 'PSYCH 100', 'BBH 101', 'PSYCH 100']","['and', 'and', 'or', 'and']"
BBH 315,Gender and Biobehavioral Health,['BBH 101'],[]
BBH 316,Foundations and Principles of Health Promotion,"['BBH 101', 'BBH 101H']","['or', 'or']"
BBH 324,HealthWorks Peer Education Training,[],[]
BBH 325,Health Promotion Services Training,['PSYCH 100'],[]
BBH 330,Clinic Intern Training,[],[]
BBH 368,"Neuroanatomy, Behavior, and Health","['BBH 101', 'BISC 4', 'BIOL 141', 'BIOL 161', 'PSYCH 260']","['and', 'or', 'or', 'or']"
BBH 370,Environmental Health and Sustainability,"['BBH 101', 'BBH 316']",['and']
BBH 390A,Preparation for Global Health Field Experience,"['BBH 305', 'BBH 440', 'HPA 440']","['and', 'or', 'and']"
BBH 390B,Global Health Field Experience,['BBH 390A'],[]
BBH 397,Special Topics,[],[]
BBH 399,Foreign Studies,[],[]
BBH 402,African Health & Development,['BBH 305'],[]
BBH 407,Global Health Equity,['BBH 101'],[]
BBH 410,Developmental and Health Genetics,"['BBH 210', 'BIOL 222', 'STAT 200', 'STAT 250']","['or', 'and', 'or', 'or']"
BBH 411W,Research and Applications in Biobehavioral Health,"['BBH 101', 'BBH 310', 'STAT 200', 'STAT 250']","['or', 'and', 'and', 'or']"
BBH 416,"Health Promotion II:  Planning, Implementation, and Evaluation","['BBH 310', 'BBH 316']",['and']
BBH 420,Developing Stress Management Programs,[],[]
BBH 426,HealthWorks Peer Education Experience,"['BBH 324', 'BBH 325']",['or']
BBH 432,Biobehavioral Aspects of Stress,"['BBH 101', 'BBH 101H', 'BIOL 141', 'BIOL 161']","['or', 'and', 'or']"
BBH 440,Principles of Epidemiology,"['BBH 310', 'BIOL 230W', 'HPA 311', 'STAT 200', 'STAT 250']","['or', 'or', 'and', 'or', 'or']"
BBH 446,Human Sexuality as a Health Concern,['BBH 101'],[]
BBH 451,Pharmacological Influences on Health,"['BBH 101', 'PSYCH 100', 'BIOL 141', 'BIOL 161']","['and', 'and', 'or']"
BBH 452,Women's Health Issues,"['BIOL 141', 'PSYCH 100', 'WMNST 100']","['or', 'or']"
BBH 458,Critical Feminist Issues in Reproduction,"['WMNST 100', 'WMNST 100U', 'WMNST 105N', 'WMNST 106N', 'WMNST 106Q', 'PSYCH 100']","['or', 'or', 'or', 'or', 'or', 'or']"
BBH 468,Neuroanatomical Bases for Disorders of Behavior and Health,"['BBH 368', 'BBH 469', 'PSYCH 260']","['and', 'or']"
BBH 469,Neurobiology,"['BIOL 230W', 'BIOL 230M', 'BMB 251', 'BMB 251H', 'BIOL 240W', 'BIOL 240M']","['or', 'or', 'or', 'or', 'or']"
BBH 470,Functional and Integrative Neuroscience,['BIOL 469'],[]
BBH 471,Clinical Research Practice,"['BIOL 161', 'KINES 203', 'STAT 250', 'STAT 200']","['or', 'and', 'or', 'or']"
BBH 475H,Honors Biobehavioral Analysis of Addiction,"['BBH 203', 'PSYCH 260', 'BIOL 469']","['or', 'or', 'or', 'or']"
BBH 477,Sleep and Biobehavioral Health,"['BBH 101', 'BIOL 110', 'PSYCH 100', 'STAT 200', 'STAT 250', 'PSYCH 200']","['or', 'or', 'and', 'or', 'or']"
BBH 490,Introduction to Internship Experience,"['BBH 101H', 'BBH 101']","['or', 'or']"
BBH 494,Research Project,[],[]
BBH 494H,Senior Honors Thesis,[],[]
BBH 495,Internship Experience in Biobehavioral Health,['BBH 490'],[]
BBH 496,Independent Studies,[],[]
BBH 496H,Independent Honors Study in BB H,[],[]
BBH 497,Special Topics,[],[]
BBH 499,Foreign Studies,[],[]
GLIS 101N,Globalization,[],[]
GLIS 102N,Global Pathways,[],[]
GLIS 310,"Language Rights, Policy, and Planning","['AFR 310', 'APLNG 310']",[]
GLIS 400Y,Seminar in Global and International Studies,[],[]
GLIS 410,The Global Impact of Education,[],[]
GLIS 478,China and the World,"['PLSC 3', 'PLSC 14']","['or', 'or']"
GLIS 496,Independent Studies,[],[]
GLIS 497,Special Topics,[],[]
CIVCM 211N,Foundations: Civic and Community Engagement,"['ENGL 15', 'ENGL 30H', 'CAS 137H', 'ENGL 137H']","['or', 'or', 'or', 'or']"
CIVCM 494,Research Topics,[],[]
CIVCM 495,CIVCM Internship,[],[]
ART 1,Introduction to the Visual Arts,[],[]
ART 2,Interactive Learning and Web-Design,[],[]
ART 3,Visual Images on the Web,[],[]
ART 10,Introduction to Visual Studies,[],[]
ART 11,First-Year Seminar- School of Visual Arts,[],[]
ART 17,Introduction to Metal Arts,[],[]
ART 20,Introduction to Drawing,[],[]
ART 30,Introduction to Sculpture,[],[]
ART 40,Introduction to Printmaking,[],[]
ART 50,Introduction to Painting,[],[]
ART 51N,Meteorology and Visual Arts: To Know is to See,['METEO 51N'],[]
ART 80,Introduction to Ceramics,[],[]
ART 97,Special Topics,[],[]
ART 98,Special Topics,[],[]
ART 100,Concepts and Creation in the Visual Arts,[],[]
ART 101,Introduction to Web Design,[],[]
ART 102,Beginning Computer Aided Design for Artists,[],[]
ART 110,Ideas as Visual Images,[],[]
ART 111,Ideas as Objects,[],[]
ART 116N,Art of Mathematics,[],[]
ART 122Y,Commentary on Art,[],[]
ART 144,"Climate Change: Arts, Agency and Activism",[],[]
ART 160N,"STEAM: Connecting Art to Science, Technology, Engineering and Mathematics",[],[]
ART 165,Artistic Concepts of Space,[],[]
ART 166,Artistic Concepts of Form,[],[]
ART 168,The Digital Medium,[],[]
ART 170N,Plant and Microbial Art,['PPEM 170N'],[]
ART 175N,Intersections Between Art and Psychology,[],[]
ART 197,Special Topics,[],[]
ART 198,Special Topics,[],[]
ART 199,Foreign Studies--Art,[],[]
ART 207N,"LGBTQ+ Identity, Culture and The Arts",['WMNST 207N'],[]
ART 211,Introduction to Digital Art and Design Criticism,[],[]
ART 211Y,Introduction to Digital Art and Design Criticism,[],[]
ART 220,Figure Drawing,"['ART 110', 'ART 111']",['or']
ART 223,"Drawing: Techniques, Materials, and Tools","['ART 110', 'ART 111']",['or']
ART 230,Beginning Sculpture,"['ART 110', 'ART 111']",['or']
ART 240,Beginning Printmaking,"['ART 110', 'ART 111']",['or']
ART 250,Beginning Oil Painting,"['ART 110', 'ART 111']",['or']
ART 260,Water Media,[],[]
ART 265,Artistic Concepts of Color,"['ART 165', 'ART 166']",['and']
ART 266,Artistic Concepts of Light,"['ART 165', 'ART 166']",['and']
ART 269,Methods and Materials I,"['ART 165', 'ART 166']",['and']
ART 280,Beginning Ceramics,"['ART 110', 'ART 111', 'ART 110', 'ART 111']","['or', 'or']"
ART 290,Beginning Photography,[],[]
ART 296,Independent Studies,[],[]
ART 297,Special Topics,[],[]
ART 297N,Special Topics - GenEd,[],[]
ART 299,Foreign Study--Art,[],[]
ART 320,Advanced Drawing,['ART 110'],[]
ART 330,Intermediate Sculpture: Metal Fabrication and Mixed-media,['ART 230'],[]
ART 331,Intermediate Sculpture: Metal Casting and Mold-Making,['ART 230'],[]
ART 340,Printmaking,['ART 240'],[]
ART 341,Intermediate Printmaking:  Intaglio/Relief,['ART 240'],[]
ART 342,Intermediate Printmaking:  Lithography/Serigraphy,['ART 240'],[]
ART 350,Intermediate Painting,['ART 250'],[]
ART 365,Themes and Issues I,"['ART 165', 'ART 166', 'ART 265', 'ART 266']","['and', 'and', 'and']"
ART 366,Themes and Issues II,"['ART 165', 'ART 166', 'ART 265', 'ART 266', 'ART 365']","['and', 'and', 'and', 'and']"
ART 380,Intermediate Throwing,['ART 280'],[]
ART 381,Intermediate Handbuilding,['ART 280'],[]
ART 397,Special Topics,[],[]
ART 399,Foreign Study--Art,[],[]
ART 404,Art and Life: Where They Intersect,[],[]
ART 409,Museum Studies,['ARTH 409'],[]
ART 411,Seminar in Contemporary Art,['ART 122Y'],[]
ART 413,Performance Art,[],[]
ART 421,Drawing,['ART 320'],[]
ART 422,Advanced Figure Drawing,['ART 220'],[]
ART 430,Advanced Sculpture,['ART 230'],[]
ART 431,Installation Art,[],[]
ART 432,Flexible Molds: Parting Seams and Sculptural Concepts,"['ART 230', 'ART 280']","['or', 'or']"
ART 433,Sustainable Studio,"['ART 110', 'ART 111']","['and', 'or']"
ART 434,Found and Fabricated: Found Objects in Sculpture,['ART 111'],[]
ART 438,The Body: Issues and Objects,['ART 230'],[]
ART 440,Advanced Printmaking,['ART 240'],[]
ART 446,Artists Books,"['ART 110', 'ART 111', 'ARTH 111', 'ARTH 112']","['and', 'and', 'and', 'and', 'or']"
ART 450,Advanced Painting,['ART 350'],[]
ART 455,Advanced Painting Critique,['ART 350'],[]
ART 465,Individual Approaches I,"['ART 165', 'ART 166', 'ART 265', 'ART 266', 'ART 365', 'ART 366']","['and', 'and', 'and', 'and', 'and']"
ART 466W,Individual Approaches II,['ART 240'],[]
ART 468,The Intermediate Digital Medium,"['ART 165', 'ART 166', 'ART 168']","['and', 'and']"
ART 469,Methods and Materials II,"['ART 165', 'ART 166', 'ART 265', 'ART 269']","['and', 'and', 'and']"
ART 476,History and Theory of Digital Art,[],[]
ART 477,Curator's Workshop,[],[]
ART 480,Advanced Ceramic Arts,['ART 280'],[]
ART 494,Research Projects Courses,[],[]
ART 495,Internship,[],[]
ART 496,Independent Studies,[],[]
ART 496H,Independent Studies,[],[]
ART 497,Special Topics,[],[]
ART 499,Foreign Studies--Art,[],[]
BIOL 1,Preparation Skills for Success in Biology and Life Sciences,[],[]
BIOL 3,Peer Learning in Biology,[],[]
BIOL 11,Introductory Biology I,[],[]
BIOL 12,Introductory Biology II,['BIOL 11'],[]
BIOL 110,Biology:  Basic Concepts and Biodiversity,[],[]
BIOL 110H,Honors Biology: Basic Concepts and Biodiversity,[],[]
BIOL 110S,Biology:  Basic Concepts and Biodiversity,[],[]
BIOL 127,Introduction to Plant Biology,[],[]
BIOL 128,Investigations in Anatomy with Cadavers,[],[]
BIOL 129,Mammalian Anatomy,[],[]
BIOL 133,Genetics and Evolution of the Human Species,[],[]
BIOL 141,Introduction to Human Physiology,[],[]
BIOL 142,Physiology Laboratory,['BIOL 141'],[]
BIOL 144,Climate Change: Biological Impacts,[],[]
BIOL 155,Introduction to the Biology of Aging,[],[]
BIOL 160N,Fitness with Exercise Physiology,['KINES 160N'],[]
BIOL 161,Human Anatomy and Physiology I - Lecture,[],[]
BIOL 162,Human Anatomy and Physiology I - Laboratory,"['BIOL 161', 'BIOL 141']",['or']
BIOL 163,Human Anatomy and Physiology II - Lecture,['BIOL 161'],[]
BIOL 164,Human Anatomy and Physiology II - Laboratory,"['BIOL 163', 'BIOL 141']",['or']
BIOL 169N,What it means to be human,['PSYCH 169N'],[]
BIOL 177,Biology of Sex,[],[]
BIOL 199,Foreign Studies,[],[]
BIOL 220M,Honors Biology: Populations and Communities,"['BIOL 110', 'BIOL 110H']",['or']
BIOL 220W,Biology:  Populations and Communities,"['BIOL 110', 'BIOL 110H']",['or']
BIOL 222,Genetics,"['BIOL 110', 'BIOL 110H', 'MICRB 201', 'MICRB 201H', 'BIOL 141', 'BIOL 133', 'BMB 251', 'BMB 251H']","['or', 'or', 'or', 'or', 'or', 'or', 'or']"
BIOL 230M,Honors Biology: Molecules and Cells,"['BIOL 110H', 'BIOL 110']",['or']
BIOL 230W,Biology:  Molecules and Cells,"['BIOL 110', 'BIOL 110H', 'CHEM 110']",['or']
BIOL 240M,Honors Biology: Function and Development of Organisms,"['BIOL 110H', 'BIOL 110']",['or']
BIOL 240W,Biology:  Function and Development of Organisms,"['BIOL 110', 'BIOL 110H', 'CHEM 110', 'CHEM 110H']","['or', 'and', 'or']"
BIOL 251,Peer Leadership in Biology,[],[]
BIOL 261,Reading Seminar in the Health Professions,[],[]
BIOL 294,Research Project,[],[]
BIOL 296,Independent Studies,[],[]
BIOL 296G,Special Topics,[],[]
BIOL 296H,Independent Studies,[],[]
BIOL 297,Special Topics,[],[]
BIOL 322,Genetic Analysis,"['BIOL 230W', 'BIOL 230M', 'MICRB 251', 'BMB 251', 'BMB 251H', 'BME 201']","['or', 'or', 'or', 'or', 'or']"
BIOL 399,Foreign Studies,[],[]
BIOL 400,Teaching in Biology,[],[]
BIOL 402W,Biological Experimental Design,"['STAT 250', 'BIOL 220W', 'BIOL 230W', 'BIOL 240W']","['and', 'and', 'and']"
BIOL 403,Biological Writing and Communication for Research,"['BIOL 110', 'BIOL 110H', 'MICRB 201', 'MICRB 201H', 'BMB 251', 'BMB 251H', 'STAT 200', 'STAT 250', 'ENGL 15', 'ENGL 137H', 'CAS 137H', 'ENGL 30H']","['or', 'or', 'or', 'or', 'or', 'or', 'or', 'and', 'or', 'or', 'or']"
BIOL 404,Cellular Mechanisms in Vertebrate Physiology,"['BIOL 230W', 'BIOL 230M', 'BMB 251', 'BMB 251H']","['or', 'or', 'or']"
BIOL 405,Molecular Evolution,"['BIOL 220W', 'BIOL 220M', 'BIOL 230W', 'BIOL 230M', 'BMB 251', 'BMB 251H', 'BIOL 222', 'BIOL 322']","['or', 'and', 'or', 'or', 'or', 'or', 'or']"
BIOL 406,Symbiosis,"['BIOL 220W', 'BIOL 220M', 'BIOL 230W', 'BIOL 230M', 'BIOL 240W', 'BIOL 240M', 'BMB 251', 'BMB 251H']","['or', 'or', 'or', 'or', 'or', 'or', 'or']"
BIOL 407,Plant Developmental Anatomy,"['BIOL 240W', 'BIOL 240M', 'BIOL 127']","['or', 'or']"
BIOL 408,Genetics and Personalized Medicine,"['BIOL 230W', 'BIOL 230M', 'BMB 251']","['or', 'or']"
BIOL 409,Biology of Aging,"['BIOL 230W', 'BIOL 240W', 'BIOL 141', 'BMB 251']","['or', 'or', 'or']"
BIOL 411,Medical Embryology,"['BIOL 230W', 'BIOL 230M', 'BIOL 240W', 'BIOL 240M', 'BIOL 141', 'BMB 251', 'BMB 251H']","['or', 'or', 'or', 'or', 'or', 'or']"
BIOL 412,Ecology of Infectious Diseases,"['BIOL 220W', 'BIOL 220M', 'HPA 440']","['or', 'or']"
BIOL 413,Cell Signaling and Regulation,"['BIOL 230W', 'BIOL 230M', 'BMB 251', 'BMB 251H']","['or', 'or', 'or']"
BIOL 414,Taxonomy of Seed Plants,"['BIOL 240W', 'BIOL 240M', 'BIOL 127']","['or', 'or']"
BIOL 415,Ecotoxicology,"['BIOL 220W', 'BIOL 220M', 'FOR 308']","['or', 'or', 'or']"
BIOL 416,Biology of Cancer,"['BIOL 230W', 'BIOL 230M', 'BMB 251', 'BMB 251H', 'BIOL 222']","['or', 'or', 'or', 'or']"
BIOL 417,Invertebrate Zoology,['BIOL 110'],[]
BIOL 418,Biology of Human Infectious Diseases,"['BIOL 110', 'BIOL 110H', 'BIOL 220W', 'BIOL 220M', 'BIOL 230W', 'BIOL 230M']","['or', 'and', 'or', 'and', 'or']"
BIOL 419,Ecological and Environmental Problem Solving,"['BIOL 220W', 'BIOL 220M', 'MATH 140', 'MATH 140B', 'MATH 140H']","['or', 'or', 'or', 'or']"
BIOL 420,Paleobotany,[],[]
BIOL 421,Comparative Anatomy of Vertebrates,"['BIOL 129', 'BIOL 141', 'BIOL 220W', 'BIOL 220M', 'BIOL 230W', 'BIOL 230M', 'BIOL 240W', 'BIOL 240M', 'BMB 251', 'BMB 251H']","['or', 'or', 'or', 'or', 'or', 'or', 'or', 'or', 'or']"
BIOL 422,Advanced Genetics,"['BIOL 222', 'BIOL 322', 'BIOL 230W', 'BIOL 230M', 'BMB 251', 'BMB 251H']","['or', 'or', 'or', 'or', 'or']"
BIOL 424,Seeds of Change:  The Uses of Plants,"['BIOL 220W', 'BIOL 220M', 'BIOL 230W', 'BIOL 230M', 'BIOL 240W', 'BIOL 240M']","['or', 'or', 'or', 'or', 'or']"
BIOL 425,Biology of Fungi,"['BIOL 110', 'AGECO 201', 'BIOL 127', 'BIOL 220W', 'BIOL 220M', 'BIOL 222', 'BIOL 230W', 'BIOL 230M', 'BIOL 240W', 'BIOL 240M', 'MICRB 251', 'HORT 232', 'PPEM 120', 'PPEM 225', 'PPEM 405']","['and', 'or', 'or', 'or', 'or', 'or', 'or', 'or', 'or', 'or', 'or', 'or', 'or', 'or']"
BIOL 426,Developmental Neurobiology,"['BIOL 230W', 'BIOL 230M', 'BMB 251', 'BMB 251H']","['or', 'or', 'or']"
BIOL 427,Evolution,"['BIOL 220W', 'BIOL 220M', 'BIOL 230W', 'BIOL 230M', 'BMB 251', 'BMB 251H', 'BIOL 220W', 'BIOL 220M', 'ENVST 200']","['or', 'and', 'or', 'or', 'or', 'or', 'or', 'and']"
BIOL 428,Population Genetics,"['BIOL 220W', 'STAT 200', 'STAT 240', 'STAT 250', 'MATH 111', 'MATH 141', 'MATH 141B', 'MATH 141H']","['and', 'or', 'or', 'and', 'or', 'or', 'or']"
BIOL 429,Animal Behavior,"['BIOL 110', 'BIOL 110H', 'BIOL 220W', 'BIOL 220M']","['or', 'and', 'or']"
BIOL 430,Developmental Biology,"['BMB 252', 'MICRB 252', 'BMB 252H', 'BIOL 230W', 'BIOL 230M', 'BIOL 222', 'BIOL 322']","['or', 'or', 'or', 'or', 'or']"
BIOL 431,Reproductive Biology,"['BIOL 230W', 'BIOL 230M', 'BIOL 240W', 'BIOL 240M', 'BMB 251', 'BMB 251H', 'MICRB 251']","['or', 'or', 'or', 'or', 'or', 'or']"
BIOL 432,Developmental Genetics,"['BIOL 230W', 'BIOL 230M', 'BMB 251', 'BMB 251H']","['or', 'or', 'or']"
BIOL 433,Evolution of Vertebrates,"['BIOL 220W', 'BIOL 220M', 'BIOL 240W', 'BIOL 240M']","['or', 'and', 'or']"
BIOL 434,Pathobiology of Emerging Infectious Disease,"['BIOL 110', 'BIOL 110H', 'BIOL 230W', 'BIOL 230M', 'BMB 251', 'BMB 251H', 'MICRB 251', 'MICRB 201', 'MICRB 201H']","['or', 'or', 'or', 'or', 'or', 'or', 'or', 'or']"
BIOL 435,Ecology of Lakes and Streams,['BIOL 220W'],[]
BIOL 436,Population Ecology and Global Climate Change,['BIOL 220W'],[]
BIOL 437,Histology,"['BIOL 230W', 'BIOL 230M', 'BMB 251', 'BMB 251H', 'BIOL 240W', 'BIOL 240M', 'BIOL 141']","['or', 'or', 'or', 'or', 'or', 'or']"
BIOL 439,Practical Bioinformatics,"['BIOL 230W', 'BMB 251']",['or']
BIOL 440,Evolution of Infectious Diseases,"['BIOL 220W', 'BIOL 220M']",['or']
BIOL 441,Plant Physiology,"['BIOL 230W', 'BIOL 230M', 'BMB 251', 'BMB 251H', 'BIOL 240W', 'BIOL 240M']","['or', 'or', 'or', 'and', 'or']"
BIOL 442,Evolutionary Medicine,"['BIOL 220W', 'BIOL 220M']",['or']
BIOL 443,Evo-devo: Evolution of Developmental Mechanisms,"['BIOL 240W', 'BIOL 240M']",['or']
BIOL 444,Field Ecology,['BIOL 220W'],[]
BIOL 445,Molecular Ecology,"['BIOL 220W', 'BIOL 220M', 'BIOL 230W', 'BIOL 230M', 'BMB 251', 'BMB 251H', 'ENVST 200', 'WFS 497', 'WFS 430', 'WFS 310']","['or', 'or', 'or', 'or', 'or', 'or', 'or', 'or', 'or']"
BIOL 446,Physiological Ecology,"['BIOL 220W', 'BIOL 220M', 'BIOL 222', 'BIOL 230W', 'BIOL 230M', 'BMB 251', 'BMB 251H', 'BIOL 240W', 'BIOL 240M']","['or', 'and', 'or', 'or', 'or', 'or', 'or', 'or']"
BIOL 448,Ecology of Plant Reproduction,"['BIOL 240W', 'BIOL 240M']",['or']
BIOL 449,Ecological Importance of Native Plants,"['BIOL 110', 'BIOL 110H', 'BIOL 220W', 'BIOL 240W', 'BIOL 127']","['or', 'or', 'or']"
BIOL 450W,Experimental Field Biology,"['BIOL 220W', 'BIOL 220M', 'BIOL 240W', 'BIOL 240M', 'BIOL 220W', 'BIOL 220M', 'ENVST 200']","['or', 'and', 'or', 'or', 'or', 'and']"
BIOL 451,Biology of RNA,"['BIOL 230W', 'BIOL 230M', 'BMB 251', 'BMB 251H', 'MICRB 251']","['or', 'or', 'or', 'or']"
BIOL 455,Stem Cell Biology and Therapy,"['BIOL 230W', 'BIOL 240W', 'BME 201', 'BMB 251', 'BIOL 240M', 'BIOL 230M', 'BMB 251H']","['or', 'or', 'or', 'or', 'or', 'or']"
BIOL 459,Plant Tissue Culture and Biotechnology,"['BMB 252', 'BMB 252H', 'MICRB 252', 'BIOL 230W', 'BIOL 230M']","['or', 'or', 'or', 'or']"
BIOL 460,Human Genetics,"['ANTH 21', 'BIOL 133', 'BIOL 222', 'BIOL 230W', 'BIOL 230M', 'BIOL 322', 'BMB 251', 'BMB 251H']","['or', 'or', 'or', 'or', 'or', 'or', 'or']"
BIOL 460H,Honors Human Genetics,"['ANTH 21', 'BIOL 133', 'BIOL 222', 'BIOL 230W', 'BIOL 230M', 'BIOL 322', 'BMB 251', 'BMB 251H']","['or', 'or', 'or', 'or', 'or', 'or', 'or']"
BIOL 461,Contemporary Issues in Science and Medicine,"['BIOL 230W', 'BIOL 230M', 'BMB 251', 'BMB 251H', 'BIOL 240W', 'BIOL 240M']","['or', 'or', 'or', 'or', 'or']"
BIOL 462,History of Biology,"['BIOL 110', 'BIOL 220W', 'BIOL 230W', 'BIOL 240W']","['and', 'or', 'or']"
BIOL 463,General Ecology,['BIOL 220W'],[]
BIOL 464,Sociobiology,"['ANTH 21', 'BIOL 220W', 'BIOL 220M']","['or', 'or']"
BIOL 465,Network analysis of biological systems,"['MATH 140', 'BIOL 230W', 'BMB 251', 'BME 201', 'MATH 140B', 'MATH 141B', 'MATH 297']","['or', 'or', 'or', 'or', 'or']"
BIOL 467,Molecular Basis of Neurological Diseases,"['BIOL 230W', 'BIOL 230M', 'BMB 251', 'BMB 251H', 'MICRB 251']","['or', 'or', 'or', 'or']"
BIOL 469,Neurobiology,"['BIOL 230W', 'BIOL 230M', 'BMB 251', 'BMB 251H', 'BIOL 240W', 'BIOL 240M']","['or', 'or', 'or', 'or', 'or']"
BIOL 470,Functional and Integrative Neuroscience,['BIOL 469'],[]
BIOL 472,Human Physiology,"['BIOL 230W', 'BIOL 230M', 'BMB 251', 'BMB 251H', 'BIOL 240W', 'BIOL 240M', 'BIOL 141', 'BIOL 161', 'BIOL 163']","['or', 'or', 'or', 'or', 'or', 'or', 'or', 'and']"
BIOL 473,Laboratory in Mammalian Physiology,['BIOL 472'],[]
BIOL 474,Astrobiology,"['BIOL 110', 'BIOL 110H', 'CHEM 110', 'CHEM 110H']","['or', 'and', 'or']"
BIOL 475,Human Pathophysiology,"['BIOL 141', 'BIOL 161', 'BIOL 163', 'BIOL 240W', 'BIOL 240M', 'BIOL 472']","['or', 'and', 'or', 'or', 'or']"
BIOL 476,Advanced Human Anatomy - cadaver based,"['BIOL 129', 'BIOL 141', 'BIOL 161', 'BIOL 162', 'BIOL 163', 'BIOL 164', 'BIOL 240M', 'BIOL 240W', 'BIOL 472', 'KINES 202']","['or', 'or', 'and', 'and', 'and', 'or', 'or', 'or', 'or']"
BIOL 477,Biology Cadaver Dissection,"['BIOL 161', 'BIOL 162', 'BIOL 163', 'BIOL 164', 'BIOL 476', 'KINES 202', 'KINES 202H', 'ANTH 410']","['and', 'and', 'and', 'or', 'or', 'or', 'or']"
BIOL 478,COMPARATIVE NEUROANATOMY,[],[]
BIOL 479,General Endocrinology,"['BIOL 141', 'BIOL 472']",['or']
BIOL 482,Coastal Biology,"['BIOL 110', 'BIOL 110H', 'BIOL 220W', 'GEOSC 40']","['or', 'or']"
BIOL 483,Coastal Biology Travel Experience,[],[]
BIOL 484,Biodiversity of Pennsylvania,"['BIOL 110', 'BIOL 110H']",['or']
BIOL 487,Advanced Cadaver Dissection,"['BIOL 476', 'BIOL 477']","['and', 'or']"
BIOL 489,Biology of Ecohealth in Tanzania,"['BIOL 110', 'BIOL 110H', 'BIOL 110S', 'BIOL 220M', 'BIOL 220W']","['or', 'or', 'or', 'or', 'or', 'or']"
BIOL 492,Senior Seminar in Biology,[],[]
BIOL 494,Research Project,[],[]
BIOL 495,Internship in Biology,[],[]
BIOL 496,Independent Studies,[],[]
BIOL 496H,Independent Studies - Honors,[],[]
BIOL 497,Special Topics,[],[]
BIOL 498,Special Topics,[],[]
BIOL 498A,**SPECIAL TOPICS**,[],[]
BIOL 499,Foreign Studies,[],[]
BIOL 499A,Tropical Field Ecology,"['BIOL 220W', 'BIOL 220M']",['or']
EDPSY 10,Individual Differences and Education,[],[]
EDPSY 11,Educational Implications of Individual Differences in Childhood,[],[]
EDPSY 14,Learning and Instruction,[],[]
EDPSY 14H,Learning and Instruction,[],[]
EDPSY 97,Special Topics,[],[]
EDPSY 99,Foreign Studies,[],[]
EDPSY 101,Analysis and Interpretation of Statistical Data in Education,[],[]
EDPSY 197,Special Topics,[],[]
EDPSY 199,Foreign Studies,[],[]
EDPSY 296,Independent Studies,[],[]
EDPSY 297,Special Topics,[],[]
EDPSY 297G,Special Topics - GenEd,[],[]
EDPSY 299,Foreign Studies,[],[]
EDPSY 395,Internship,[],[]
EDPSY 397,Special Topics,[],[]
EDPSY 399,Foreign Studies,[],[]
EDPSY 400,Introduction to Statistics in Educational Research,[],[]
EDPSY 406,Applied Statistical Inference for the Behavioral Sciences,"['EDPSY 101', 'STAT 200', 'PSYCH 200']","['and', 'or']"
EDPSY 408,Meeting Instructional Needs of English Language Learners with Special Needs,"['EDPSY 14', 'EDPSY 10', 'EDPSY 11', 'SPLED 395W', 'SPLED 401', 'SPLED 425']",['or']
EDPSY 421,Learning Processes in Relation to Educational Practices,"['EDPSY 14', 'EDPSY 10', 'EDPSY 11', 'PSYCH 212']",['or']
EDPSY 450,Principles of Measurement,"['PSYCH 100', 'STAT 200', 'PSYCH 200', 'EDPSY 101']","['or', 'or', 'or', 'or']"
EDPSY 475,Introduction to Educational Research,"['EDPSY 101', 'STAT 200']",['or']
EDPSY 493,Child Maltreatment and Advocacy Studies: Capstone Experience,"['CMAS 258N', 'HDFS 258N', 'SOC 258N', 'CMAS 465', 'HDFS 465', 'CMAS 466', 'NURS 466']","['or', 'or', 'or', 'and', 'or']"
EDPSY 496,Independent Studies,[],[]
EDPSY 497,Special Topics,[],[]
EDTHP 99,Foreign Studies,[],[]
EDTHP 115,Education in American Society,[],[]
EDTHP 115A,Competing Rights: Issues in American Education,[],[]
EDTHP 115S,Competing Rights: Issues in American Education,[],[]
EDTHP 199,Foreign Studies,[],[]
EDTHP 200,Educational Reform and Public Policy,[],[]
EDTHP 220,"Children, Parents and Schools",[],[]
EDTHP 234,Honors Leadership Jumpstart,[],[]
EDTHP 297,Special Topics,[],[]
EDTHP 297G,Special Topics - GenEd,[],[]
EDTHP 299,Foreign Studies,[],[]
EDTHP 394,Professional Development in Education and Public Policy,[],[]
EDTHP 395,Real-World Policy Experience: Field Placement,[],[]
EDTHP 399,Foreign Studies,[],[]
EDTHP 401,Introduction to Comparative Education,[],[]
EDTHP 410,The Global Impact of Education,[],[]
EDTHP 412,Education and the Status of Women,['WMNST 412'],[]
EDTHP 416,Sociology of Education,['SOC 416'],[]
EDTHP 420,Education and Public Policy,[],[]
EDTHP 426,Economic Foundations of Education Policy,['ECON 102'],[]
EDTHP 427,Intelligence and Educational Policy,[],[]
EDTHP 430,History of Education in the United States,[],[]
EDTHP 433,Education and Civil Rights,['EDLDR 433'],[]
EDTHP 434,Honors Teaching Experience in Leadership Jumpstart,[],[]
EDTHP 435,Child Labor and Education in the Global Economy,[],[]
EDTHP 440,Introduction to Philosophy of Education,[],[]
EDTHP 447,Ethnic Minorities and Schools in the United States,['SOC 447'],[]
EDTHP 492,"Identities, Power and Perceptual Pedagogies in Teaching and Learning",[],[]
EDTHP 496,Individual Studies,[],[]
EDTHP 497,Special Topics,[],[]
GEOG 1N,Global Parks and Sustainability,[],[]
GEOG 2N,Apocalyptic Geographies: How can we prevent the end of the world?,[],[]
GEOG 3N,Food and the Future Environment,[],[]
GEOG 4,Earth and Environmental Systems Geography,[],[]
GEOG 6N,Maps and the Geospatial Revolution,[],[]
GEOG 10,Physical Geography:  An Introduction,[],[]
GEOG 10H,Physical Geography:  An Introduction,[],[]
GEOG 20,Human Geography:  An Introduction,[],[]
GEOG 20U,Human Geography:  An Introduction,[],[]
GEOG 30N,Environment and Society in a Changing World,[],[]
GEOG 40,World Regional Geography,[],[]
GEOG 97,Special Topics,[],[]
GEOG 107N,Immersive Technologies - Transforming Society Through Digital Innovation,[],[]
GEOG 115,Landforms of the World,[],[]
GEOG 124,Elements of Cultural Geography,[],[]
GEOG 126,Economic Geography,[],[]
GEOG 128,Geography of International Affairs,[],[]
GEOG 160,Mapping Our Changing World,[],[]
GEOG 161,Applied Geographic Information Systems,['GEOG 160'],[]
GEOG 197,Special Topics,[],[]
GEOG 199,Foreign Studies,[],[]
GEOG 210,Geographic Perspectives on Environmental Systems Science,"['ENGL 15', 'ENGL 30H', 'ESL 15']","['or', 'or', 'or', 'or', 'or']"
GEOG 220,Perspectives on Human Geography,[],[]
GEOG 230,"Geographic Perspectives on Environment, Society and Sustainability",[],[]
GEOG 260,Geographic Information in a Changing World: Introduction to GIScience,"['ENGL 15', 'ENGL 30H', 'ENGL 137H', 'CAS 137H', 'ESL 15', 'EMSC 100S']","['or', 'or', 'or', 'or', 'or']"
GEOG 265,Fundamentals of Geospatial Data Science,[],[]
GEOG 294,Research Project,[],[]
GEOG 296,Independent Studies,[],[]
GEOG 297,Special Topics,[],[]
GEOG 298,Special Topics,[],[]
GEOG 299,Foreign Studies,[],[]
GEOG 301,Thinking Geographically,['GEOG 160'],[]
GEOG 308,Research and Qualitative Inquiry in Geography,[],[]
GEOG 310,Introduction to Global Climatic Systems,"['GEOG 210', 'GEOG 10', 'METEO 3', 'METEO 201']","['or', 'or', 'or']"
GEOG 310W,Introduction to Global Climatic Systems,[],[]
GEOG 313,Introduction to Field Geography,['GEOG 160'],[]
GEOG 314,Biogeography and Global Ecology,['BIOL 110'],[]
GEOG 315,Landforms and Geomorphic Systems in the Anthropocene,"['GEOG 210', 'GEOG 10']",['or']
GEOG 320,Urban Geography: A Global Perspective,"['GEOG 20', 'GEOG 220']",['or']
GEOG 324,"Place, Space and Culture","['GEOG 220', 'GEOG 20', 'GEOG 2N']","['or', 'or']"
GEOG 326,Geographic Perspectives on Economic Systems,"['GEOG 220', 'GEOG 20', 'GEOG 2N']","['or', 'or']"
GEOG 328,"War, Peace, and Diplomacy: Understanding Contemporary Geopolitics","['GEOG 220', 'GEOG 20']",['or']
GEOG 330N,Political Ecology,['GEOG 230'],[]
GEOG 332N,Science and policy of global greenhouse gas emissions and management,['ENGL 15'],[]
GEOG 333,Human Dimensions of Natural Hazards,[],[]
GEOG 340,Thinking Sustainably,"['GEOG 210', 'GEOG 230']",['and']
GEOG 344,Sustainability Methods,"['GEOG 210', 'GEOG 230', 'GEOG 340']","['and', 'or']"
GEOG 361,Cartography--Maps and Map Construction,"['GEOG 260', 'GEOG 160', 'GEOG 265', 'GEOG 161', 'EME 210', 'GEOSC 210', 'METEO 273', 'MATSE 219', 'FOR 255', 'CMPSC 101', 'CMPSC 121', 'CMPSC 131', 'IST 140', 'ERM 300', 'FORT 260', 'WILDL 211']","['or', 'and', 'or', 'or', 'or', 'or', 'or', 'or', 'or', 'or', 'or', 'or', 'or', 'or', 'or']"
GEOG 362,Remote Sensing and Image Analysis,"['GEOG 260', 'GEOG 160', 'GEOG 265', 'GEOG 161', 'EME 210', 'GEOSC 210', 'METEO 273', 'MATSE 219', 'FOR 255', 'CMPSC 101', 'CMPSC 121', 'CMPSC 131', 'IST 140', 'ERM 300', 'FORT 260', 'WILDL 211']","['or', 'and', 'or', 'or', 'or', 'or', 'or', 'or', 'or', 'or', 'or', 'or', 'or', 'or', 'or']"
GEOG 363,Geographic Information Systems,"['GEOG 260', 'GEOG 160', 'GEOG 265', 'GEOG 161', 'EME 210', 'GEOSC 210', 'METEO 273', 'MATSE 219', 'FOR 255', 'CMPSC 101', 'CMPSC 121', 'CMPSC 131', 'IST 140', 'ERM 300', 'FORT 260', 'WILDL 211']","['or', 'and', 'or', 'or', 'or', 'or', 'or', 'or', 'or', 'or', 'or', 'or', 'or', 'or', 'or']"
GEOG 364,Spatial Analysis,"['STAT 200', 'STAT 240', 'STAT 250', 'STAT 401', 'PLSC 309', 'GEOG 265', 'GEOG 161', 'EME 210', 'GEOSC 210', 'METEO 273', 'MATSE 219', 'FOR 255', 'CMPSC 101']","['or', 'or', 'or', 'or', 'and', 'or', 'or', 'or', 'or', 'or', 'or', 'or', 'or']"
GEOG 365,Intermediate GIS Programming,"['GEOG 260', 'GEOG 160', 'GEOG 265', 'GEOG 161', 'EME 210', 'GEOSC 210', 'METEO 273', 'MATSE 219', 'FOR 255', 'CMPSC 101', 'CMPSC 121', 'CMPSC 131', 'IST 140', 'ERM 300', 'FORT 260', 'WILDL 211']","['or', 'and', 'or', 'or', 'or', 'or', 'or', 'or', 'or', 'or', 'or', 'or', 'or', 'or', 'or']"
GEOG 390,Professional Development Seminar in Geography,[],[]
GEOG 397,Special Topics,[],[]
GEOG 398,Special Topics,[],[]
GEOG 398A,**SPECIAL TOPICS**,[],[]
GEOG 399,Foreign Studies,[],[]
GEOG 411,Forest Geography,"['GEOG 314', 'BIOL 220W']",['or']
GEOG 411W,Forest Geography,"['GEOG 314', 'BIOL 220W']",['or']
GEOG 412W,Climatic Change and Variability,[],[]
GEOG 413,Cryosphere and Climate Systems,"['GEOG 210', 'EARTH 2', 'EARTH 103N', 'EARTH 303', 'METEO 101', 'METEO 201']","['or', 'or', 'or', 'or', 'or', 'and']"
GEOG 414,Principles and Applications in Landscape Ecology,"['BIOL 110', 'GEOG 314', 'FOR 308']",[]
GEOG 417,Satellite Climatology,['GEOG 362'],[]
GEOG 420Y,Comparative Urbanism,['GEOG 160'],[]
GEOG 421,Population Geography,"['GEOG 220', 'GEOG 361', 'GEOG 362', 'GEOG 363', 'GEOG 364', 'SOC 207', 'CED 404']",['and']
GEOG 424W,Geography of the Global Economy,"['GEOG 326', 'GEOG 126', 'ECON 102', 'ECON 104', 'EBF 200']","['or', 'or', 'or']"
GEOG 425,"Geography of Race, Class, and Poverty in America","['GEOG 126', 'ECON 102', 'ECON 104']",['or']
GEOG 426W,Gendered Worlds,"['GEOG 220', 'GEOG 20', 'GEOG 2N', 'WMNST 100', 'ENGL 15', 'ENGL 30H', 'ENGL 137H', 'CAS 137H', 'ESL 15', 'GEOG 324', 'GEOG 320', 'GEOG 326', 'GEOG 328']","['or', 'or', 'or', 'and', 'or', 'or', 'or', 'or', 'or', 'or', 'or', 'or']"
GEOG 428W,Political Geography,"['GEOG 220', 'GEOG 20', 'GEOG 2N', 'ENGL 15', 'ENGL 30H', 'ENGL 137H', 'CAS 137H', 'ESL 15']","['or', 'or', 'and', 'or', 'or', 'or', 'or', 'or']"
GEOG 429,Geographic Perspectives on Global Urbanization,['GEOG 126'],[]
GEOG 430,Human Use of Environment,[],[]
GEOG 431,Geography of Water Resources,"['GEOG 10', 'GEOG 210', 'GEOG 230']","['or', 'or', 'or', 'or']"
GEOG 432,Energy Policy,"['EBF 200', 'EGEE 120', 'PLSC 490']","['and', 'and']"
GEOG 433,Geographies of Justice,[],[]
GEOG 434,Politics of the Environment,[],[]
GEOG 437W,Energy Geographies and Policy,"['GEOG 230', 'GEOG 30N', 'EGEE 101', 'EBF 200', 'ENGL 15', 'ENGL 30H', 'ENGL 137H', 'CAS 137H', 'ESL 15', 'GEOG 330N', 'GEOG 332N', 'ANSC 332N', 'METEO 332N']","['or', 'or', 'or', 'and', 'or', 'or', 'or', 'or']"
GEOG 438W,Human Dimensions of Global Warming,[],[]
GEOG 440,"Environment, Society, and Sustainability Capstone","['GEOG 210', 'GEOG 230', 'GEOG 340', 'GEOG 344']","['and', 'and', 'and']"
GEOG 444,Resource Governance in Africa,"['GEOG 30N', 'GEOG 210', 'GEOG 220', 'GEOG 230', 'AFR 105', 'AFR 110N']","['or', 'or', 'or', 'or', 'or']"
GEOG 448,Neighborhoods and Health Equity,"['GEOG 220', 'GEOG 260', 'GEOG 320']",['and']
GEOG 453,Geospatial Applications in Water Resources & Aquatic Ecosystems,"['GEOG 363', 'GEOG 483', 'SOILS 450']","['or', 'or']"
GEOG 461,Geovisualization,"['GEOG 361', 'GEOG 362', 'GEOG 363']","['or', 'or']"
GEOG 461W,Dynamic Cartographic Representation,"['GEOG 361', 'GEOG 362', 'GEOG 363']","['or', 'or']"
GEOG 462,Advanced Observation of Earth and Its Environment,"['GEOG 365', 'GEOG 464', 'GEOG 362', 'FOR 455', 'METEO 477', 'EE 477']","['and', 'or', 'or', 'or', 'or']"
GEOG 463,Geospatial Information Management,['GEOG 363'],[]
GEOG 464,Advanced Spatial Analysis,['GEOG 364'],[]
GEOG 465,Advanced Geographic Information Systems Modeling,['GEOG 363'],[]
GEOG 467,Applied Cartographic Design,['GEOG 361'],[]
GEOG 469,Energy Industry Applications of GIS,['EGEE 102'],[]
GEOG 479,Spatial Data Science for Cyber and Human Social Networks,"['GEOG 160', 'GEOG 482']",['or']
GEOG 480,Exploring Imagery and Elevation Data in GIS Applications,['GEOG 482'],[]
GEOG 481,Topographic Mapping with Lidar,"['GEOG 362', 'GEOG 480', 'GEOG 160', 'GEOG 482']","['or', 'or', 'or']"
GEOG 482,Making Maps That Matter With GIS,[],[]
GEOG 483,Problem-Solving with GIS,['GEOG 482'],[]
GEOG 484,GIS Database Development,['GEOG 483'],[]
GEOG 485,GIS Programming and Software Development,[],[]
GEOG 486,Cartography and Visualization,['GEOG 484'],[]
GEOG 487,Environmental Challenges in Spatial Data Science,[],[]
GEOG 489,Advanced Python Programming for GIS,['GEOG 485'],[]
GEOG 493,Service Learning,[],[]
GEOG 494,Research Project in Geography,[],[]
GEOG 494H,Research Project in Geography,[],[]
GEOG 495,Internship,[],[]
GEOG 495B,Geography Teaching Internship,[],[]
GEOG 495C,Internship Supervision and Mentoring,[],[]
GEOG 495G,Giscience Internship,['GEOG 160'],[]
GEOG 496,Independent Studies,[],[]
GEOG 497,Special Topics,[],[]
GEOG 498,Special Topics,[],[]
GEOG 498A,**SPECIAL TOPICS**,[],[]
GEOG 498B,**SPECIAL TOPICS**,[],[]
GEOG 499,Foreign Studies,[],[]
HIST 1,Western Civilization I,[],[]
HIST 2,Western Civilization II,[],[]
HIST 2H,Western Civilization II,[],[]
HIST 3,The American Nation:  Historical Perspectives,['AMST 3'],[]
HIST 5,Ancient Mediterranean Civilizations,['CAMS 5'],[]
HIST 6N,History and Weather: How Weather Played an Instrumental Role in Great World Events,['METEO 6N'],[]
HIST 10,World History to 1500,[],[]
HIST 11,World History since 1500,[],[]
HIST 12,History of Pennsylvania,[],[]
HIST 20,American Civilization to 1877,[],[]
HIST 20Y,American Civ to 1877Y,[],[]
HIST 21,American Civilization Since 1877,[],[]
HIST 66,Survey of British History,[],[]
HIST 83,First-Year Seminar in History,[],[]
HIST 100,Ancient Greece,['CAMS 100'],[]
HIST 101,The Roman Republic and Empire,['CAMS 101'],[]
HIST 102,Ancient Israel,"['CAMS 102', 'JST 102', 'RLST 102']",[]
HIST 103,"The History of Madness, Mental Illness, and Psychiatry",[],[]
HIST 104,Ancient Egypt,['CAMS 104'],[]
HIST 105,The Byzantine Empire,[],[]
HIST 106,"Early Modern Empires of Islam: The Ottomans, Safavids, and Mughals",[],[]
HIST 107,Medieval Europe,['MEDVL 107'],[]
HIST 108,Crusades: Holy War in the Middle Ages,[],[]
HIST 109,Introduction to U.S. Environmental History,[],[]
HIST 110,Introduction to Global Environmental History,[],[]
HIST 111,Introduction to U.S. Food History,[],[]
HIST 112,Introduction to Public History,[],[]
HIST 113,Baseball in Comparative History,[],[]
HIST 114N,Historical Perspectives on HealthCare Innovations,[],[]
HIST 115,The American Jewish Experience,"['JST 115', 'RLST 115']",[]
HIST 116N,Family and Gender Roles in Modern History,['WMNST 116N'],[]
HIST 117,Women in United States History,['WMNST 117'],[]
HIST 118,Modern Jewish History,['JST 118'],[]
HIST 119,Gender and History,[],[]
HIST 120N,History of Modern Europe since 1789,[],[]
HIST 121,History of the Holocaust 1933-1945,['JST 121'],[]
HIST 122,History of Science I,[],[]
HIST 123,History of Science II,[],[]
HIST 124,History of Western Medicine,['STS 124'],[]
HIST 125N,History of Infectious Disease and Epidemiology,['SC 125N'],[]
HIST 127,Introduction to U.S. Latina/o History,"['AMST 127', 'LTNST 127']",[]
HIST 128N,Cultural Perspectives on Mathematics,[],[]
HIST 129N,Chocolate Worlds,"['ANTH 129N', 'PLANT 129N']",[]
HIST 130,"Introduction to the Civil War Era, 1848 through 1877",[],[]
HIST 131N,"Slavery, the Civil War, and Cinema",[],[]
HIST 134,Great Britain and Ireland in the Early Modern World,[],[]
HIST 139,The World at War: 1914-1918,[],[]
HIST 140,The History of the Israel-Palestine Conflict (1917-Present),['JST 140'],[]
HIST 141,Medieval and Modern Russia,[],[]
HIST 142N,History of Communism,[],[]
HIST 143N,History of Fascism and Nazism,['JST 143N'],[]
HIST 144,The World at War: 1939-1945,[],[]
HIST 145N,The Holocaust and Human Rights,['SOC 145N'],[]
HIST 148,History of Pennsylvania State University,[],[]
HIST 149,History of the CIA,['AMST 149'],[]
HIST 150,America in the 1960s: An Introduction,['AMST 150'],[]
HIST 151N,Technology and Society in American History,"['AMST 151N', 'STS 151N']",[]
HIST 152,African American History,['AFAM 152'],[]
HIST 153,Native American History,[],[]
HIST 154,History of Welfare and Poverty in the United States,[],[]
HIST 155,American Business History,['AMST 155'],[]
HIST 156,History of the American Worker,[],[]
HIST 157,Railroads and American Society,[],[]
HIST 158,History of American Immigration,[],[]
HIST 159,History of the FBI,['CRIMJ 159'],[]
HIST 160,American Naval History,[],[]
HIST 161,The Battle of Gettysburg in American Historical Memory,['AMST 161'],[]
HIST 162N,The Pursuit of Happiness in American Life: Historical Literature and Modern Practice,['ENGL 161N'],[]
HIST 163,Asian History Through Film,[],[]
HIST 164,The History of Brazil,['AFAM 164'],[]
HIST 165,"Islamic States, Societies and Cultures c. 600-1500","['ARAB 165', 'RLST 165']",[]
HIST 166,History of Sexuality,[],[]
HIST 169,The Indian Ocean World,[],[]
HIST 170,South Asia to 1500,[],[]
HIST 172,Introduction to Japanese Civilization,"['ASIA 172', 'JAPNS 172']",[]
HIST 173,Vietnam in War and Peace,[],[]
HIST 174,East Asia to 1800,['ASIA 174'],[]
HIST 175,East Asia since 1800,['ASIA 175'],[]
HIST 176,Survey of Indian History,['ASIA 176'],[]
HIST 177,Rise of Modern Southeast Asia,['ASIA 177'],[]
HIST 178,Latin-American History to 1820,[],[]
HIST 179,Latin-American History Since 1820,[],[]
HIST 180,Ancient Warfare,['CAMS 180'],[]
HIST 181,Introduction to the Middle East,['JST 181'],[]
HIST 182,"Asian Trade: Economy, Industrialization and Capitalism in Asia",['ASIA 182'],[]
HIST 183,"Gender, Family, and Society in East Asia",['ASIA 183'],[]
HIST 184,Society and Culture in the Pacific War,[],[]
HIST 186,The Silk Roads,"['ASIA 186', 'JST 186']",[]
HIST 187,Global Taiwan,['ASIA 187'],[]
HIST 188,"Tibet: People, Places and Spaces",['ASIA 188'],[]
HIST 190,The Middle East Today,['JST 190'],[]
HIST 191,Early African History,['AFR 191'],[]
HIST 192,Modern African History,['AFR 192'],[]
HIST 192H,Modern African History,['AFR 192H'],[]
HIST 193,Modern Iran,['JST 193'],[]
HIST 194,Jerusalem: Sacred and Profane,"['CAMS 194', 'JST 194', 'RLST 194']",[]
HIST 195,Genocide in Global perspectives: Twentieth Century and beyond,"['GER 123', 'JST 195']",[]
HIST 197,Special Topics,[],[]
HIST 199,Foreign Studies,[],[]
HIST 200,American Local History,[],[]
HIST 203N,"History of Monsters, Aliens & the Supernatural",[],[]
HIST 210,"Freedom's First Generation: African American Life and Work, from the Civil War to World War II",['AFAM 210'],[]
HIST 211,Slavery and Freedom in the Black Atlantic,['AFAM 211'],[]
HIST 212N,Earthquakes and Human History,[],[]
HIST 213Y,African American Women's History,"['AFAM 213Y', 'WMNST 213Y']",[]
HIST 238N,Society and Culture in Palestine/Israel,[],[]
HIST 240Q,Artistic Patronage in Europe,"['CMLIT 240Q', 'IT 240Q', 'WMNST 240Q']",[]
HIST 245,Middle Eastern Cities,[],[]
HIST 250,Introduction to the Caribbean,['AFAM 250'],[]
HIST 252,Revolutions in the Middle East,[],[]
HIST 255N,History of the Book,[],[]
HIST 260,The Middle East in Film,['JST 260'],[]
HIST 266Y,Sexuality and Violence in Nineteenth-Century America,['WMNST 266Y'],[]
HIST 292N,Witches and Witchcraft from the Middle Ages to the Present,['ARTH 292N'],[]
HIST 294,Research Project,[],[]
HIST 296,Independent Studies,[],[]
HIST 296A,**SPECIAL TOPICS**,[],[]
HIST 297,Special Topics,[],[]
HIST 297N,Special Topics - Inter Domain,[],[]
HIST 299,Foreign Studies,[],[]
HIST 301W,Scope and Methods of History,[],[]
HIST 302M,Undergraduate Seminar,[],[]
HIST 302W,Undergraduate Seminar,[],[]
HIST 305Y,Middle East Studies Research Workshop,['JST 305Y'],[]
HIST 320,Contemporary World History and Issues,[],[]
HIST 320W,Contemporary World History and Issues,[],[]
HIST 395,Internship,[],[]
HIST 399,Foreign Study--History,[],[]
HIST 400,Global History of Food and Famine,[],[]
HIST 402N,Russian Economic History,"['ECON 102', 'ECON 104']",['and']
HIST 404,Advanced Public History,[],[]
HIST 405Y,The Roman Empire,"['HIST 101', '3']",['or']
HIST 406W,Research in Medieval Sources,[],[]
HIST 407,Early Medieval Society,['HIST 107'],[]
HIST 408,Church and State in the High Middle Ages,['HIST 107'],[]
HIST 409Y,Antisemitisms,"['JST 409Y', 'RLST 407Y', 'RLST 409Y']",[]
HIST 411,Medieval Britain,[],[]
HIST 412,Intellectual History of the Middle Ages,['HIST 107'],[]
HIST 413,Medieval Celtic Studies,[],[]
HIST 414,Renaissance and Reformation,[],[]
HIST 416,Zionism,['JST 416'],[]
HIST 417,The Age of Absolutism,[],[]
HIST 418,The French Revolution and the Napoleonic Era,[],[]
HIST 420,Recent European History,[],[]
HIST 421,The History of European Women,['HIST 117'],[]
HIST 424,Comparative History of Sports and Politics,[],[]
HIST 425,History of the Incas,[],[]
HIST 426,Holocaust,[],[]
HIST 427,Germany Since 1860,[],[]
HIST 428,The Darwinian Revolution,[],[]
HIST 429,"Europe in the Age of Nationalism, 1789-1914",[],[]
HIST 430,Eastern Europe in Modern Times,[],[]
HIST 431,Black Liberation and American Foreign Policy,[],[]
HIST 432,Between Nation and Empire: The Caribbean in the 20th Century,['HIST 250'],[]
HIST 433,"Imperial Russia, 1700-1917",['HIST 141'],[]
HIST 434,History of the Soviet Union,['HIST 141'],[]
HIST 435,Topics in European History,[],[]
HIST 436,"Great Britain Under the Tudors and Stuarts, 1485-1688",[],[]
HIST 437,Great Britain 1688-1867,[],[]
HIST 438,Great Britain 1867-Present,[],[]
HIST 439,Women and the Holocaust,['HIST 121'],[]
HIST 440,Colonial America to 1753,['3'],[]
HIST 441,"Revolutionary America, 1753-1783",['3'],[]
HIST 442,"The Early American Republic, 1783-1850",[],[]
HIST 443,Jewish Histories of the Middle East,['JST 443'],[]
HIST 444,The United States in Civil War and Reconstruction--1850-1877,['HIST 130'],[]
HIST 444W,The United States in Civil War and Reconstruction--1850-1877,['HIST 130'],[]
HIST 445,The Emergence of Modern America,['3'],[]
HIST 446,America Between the Wars,[],[]
HIST 447,Recent American History,['3'],[]
HIST 448,America in the 1960s,[],[]
HIST 449,Constitutional History of the United States to 1877,['3'],[]
HIST 450,Constitutional History of the United States Since 1877,['3'],[]
HIST 451,The Consumer Revolution,[],[]
HIST 453,American Environmental History,[],[]
HIST 454,American Military History,[],[]
HIST 455,The History of Epidemics,[],[]
HIST 457,Hiroshima & the Holocaust in History and Memory,[],[]
HIST 458Y,History of Work in America,['LHR 100'],[]
HIST 459Y,Social and Cultural History of the United States Since 1783,[],[]
HIST 460Y,Research Seminar in History of Asian Religion & Medicine,[],[]
HIST 461,The Emergence of the American City: 1100-1880,[],[]
HIST 462,The Twentieth Century City,[],[]
HIST 465,The Post-World War II Civil Rights Movement,['HIST 152'],[]
HIST 466,Lesbian and Gay History,[],[]
HIST 467,Latin America and the United States,['LTNST 467'],[]
HIST 468,Mexico and the Caribbean Nations in the Twentieth Century,[],[]
HIST 469,Drugs and Drug Policy in the United States,[],[]
HIST 470,"Modern Bondage: Slavery in the Americas, 1492-1888","['HIST 152', 'HIST 178', 'HIST 192']",['or']
HIST 471Y,"Classical Islamic Civilization, 600-1258",['RLST 471Y'],[]
HIST 472,The Ottoman Empire,[],[]
HIST 473,The Contemporary Middle East,['JST 473'],[]
HIST 474,Early Modern Japan,"['HIST 172', 'HIST 174']",['or']
HIST 475Y,The Making and Emergence of Modern India,"['HIST 172', 'HIST 175', 'HIST 176', 'HIST 181', 'HIST 191']",['or']
HIST 478,American Military History Since 1900,[],[]
HIST 479,History of Imperialism and Nationalism in Africa,[],[]
HIST 480,Japan in the Age of Warriors,['ASIA 480'],[]
HIST 481,Modern Japan Since 1800,"['HIST 172', 'HIST 174', 'HIST 175']",['or']
HIST 482,Confucius and the Great Books of China,"['ASIA 3', 'ASIA 100', 'ASIA 104', 'ASIA 175', 'ASIA 181', 'HIST 175', 'CHNS 120', 'ENGL 15', 'RLST 3', 'RLST 181']",[]
HIST 483,Middle China,['HIST 174'],[]
HIST 484Y,History of Chinese Thought,"['HIST 174', 'HIST 175']",['or']
HIST 485Y,"China's Last Empire: The Qing Dynasty, 1644-1911",['HIST 175'],[]
HIST 486,China in Revolution,['HIST 175'],[]
HIST 488,American Diplomacy Since 1914,[],[]
HIST 490,Archival Management,['LST 490'],[]
HIST 491,"British Civil Wars and Revolutions, 1639-1651","['HIST 134', 'HIST 436']",['or']
HIST 492,Witchcraft in Early Modern Europe,[],[]
HIST 493,History of Death and Mourning,"['HIST 1', 'HIST 2', 'HIST 10', 'HIST 11', 'HIST 20', 'HIST 21']",['or']
HIST 494,Research Project,[],[]
HIST 494H,Research Project,[],[]
HIST 495,Internship,[],[]
HIST 496,Independent Studies,[],[]
HIST 496A,**SPECIAL TOPICS**,[],[]
HIST 496H,Independent Studies,[],[]
HIST 497,Special Topics,[],[]
HIST 499,Foreign Study--History,[],[]
HDFS 97,Special Topics,[],[]
HDFS 101N,Helping People: Introduction to Understanding Social Problems & How to Help,[],[]
HDFS 108N,Art and Science of Human Flourishing,[],[]
HDFS 109,"Community, Connection, and Contemplation","['HDFS 108N', 'HDFS 109']",['or']
HDFS 129,Introduction to Human Development and Family Studies,[],[]
HDFS 129S,Introduction to Human Development and Family Studies,[],[]
HDFS 175N,Introduction to Youth Development and Arts-based Social Justice,['ENGL 15'],[]
HDFS 197,Special Topics,[],[]
HDFS 197N,Special Topics - InterDomain,[],[]
HDFS 200,Quantitative Skills for Human Services,[],[]
HDFS 210,"Ethnicity, Health and Aging",[],[]
HDFS 215N,Global health and families,[],[]
HDFS 216,Personal and Interpersonal Skills,[],[]
HDFS 229,Infant and Child Development,[],[]
HDFS 230,Overview of Curricular Practices in Early Childhood Care and Education,['HDFS 229'],[]
HDFS 231,Guidance in Early Childhood Care and Education,['HDFS 229'],[]
HDFS 232,Creativity and Play in Early Childhood Care and Education,['HDFS 229'],[]
HDFS 233,Emergent Language and Literacy: Development and Practice in Early          Childhood Care and Educat,['HDFS 229'],[]
HDFS 239,Adolescent Development,[],[]
HDFS 245N,"Health, humanity, and longevity: Conversations with elders",[],[]
HDFS 249N,Adult Development and Aging,[],[]
HDFS 250,Sexual Identity over the Life Span,[],[]
HDFS 250H,Sexual Identity Over The Lifespan,[],[]
HDFS 254N,Reading Our Lives: Understanding Diversity and Human Development through Memoirs,[],[]
HDFS 258N,Introduction to Child Maltreatment and Advocacy Studies,"['CMAS 258N', 'SOC 258N']",[]
HDFS 287Y,Intercultural Community-Building,[],[]
HDFS 296,Independent Studies,[],[]
HDFS 297,Special Topics,[],[]
HDFS 298,Special Topics,[],[]
HDFS 300,Honors Seminar:  Concepts and Issues in Human Development and Family       Studies,['HDFS 129'],[]
HDFS 301,Values and Ethics in Health and Human Development Professions,[],[]
HDFS 302A,Leadership and Technology Skills for Human Services Professionals A,['HDFS 129'],[]
HDFS 310M,Seminar in Honors--Research Methods,[],[]
HDFS 311,Human Development and Family Studies Interventions,['HDFS 129'],[]
HDFS 312W,Empirical Inquiry in Human Development,"['EDPSY 101', 'STAT 200']","['or', 'or']"
HDFS 314,Understanding Human Development and Family Research,['HDFS 312W'],[]
HDFS 315,Family Development,['HDFS 129'],[]
HDFS 315Y,Family Development,['HDFS 129'],[]
HDFS 330,"Observation or Experience with Children, Youth, and Families","['HDFS 229', 'PSYCH 212']",['or']
HDFS 345,CONTEMPORARY URBAN ISSUES AND SOCIAL JUSTICE FRAMEWORKS,"['HDFS 175N', 'HDFS 129', 'HDFS 239']","['or', 'or']"
HDFS 395,Internship,[],[]
HDFS 397,Special Topics,[],[]
HDFS 400,Youth Development and Social Justice Capstone Seminar,"['HDFS 175N', 'HDFS 345', 'ENGL 15', 'HDFS 239']","['or', 'or', 'or']"
HDFS 401,"Project Planning, Implementation, and Evaluation in the Human Services","['HDFS 312W', 'HDFS 411']","['and', 'or']"
HDFS 402,Human Services Seminar,['HDFS 401'],[]
HDFS 405,Gender and Social Development,"['HDFS 129', 'HDFS 312W']","['and', 'or', 'or', 'or', 'or', 'or', 'or', 'or', 'or', 'or', 'or', 'or', 'or', 'or', 'or']"
HDFS 410,Communities and Families,['HDFS 312W'],[]
HDFS 411,The Helping Relationship,"['HDFS 311', 'HDFS 312W']","['and', 'or', 'or', 'or', 'and']"
HDFS 412,Adult-Child Relationships,"['PSYCH 212', 'HDFS 311', 'HDFS 312W', 'HDFS 315', 'HDFS 315Y']","['or', 'and', 'and', 'and', 'or']"
HDFS 413,Developmental Problems in Adulthood,"['HDFS 129', 'HDFS 312W']","['or', 'and']"
HDFS 414,Resolving Human Development and Family Problems,['HDFS 312W'],[]
HDFS 415,Program Development in Family Relationships,"['HDFS 311', 'HDFS 312W', 'HDFS 315', 'HDFS 315Y']","['and', 'and', 'or']"
HDFS 416,Racial and Ethnic Diversity and the American Family,[],[]
HDFS 417,Biocultural Studies of Family Organization,"['HDFS 129', 'HDFS 312W', 'HDFS 315', 'HDFS 315Y']","['and', 'and', 'or', 'or', 'or']"
HDFS 418,Family Relationships,"['HDFS 312W', 'HDFS 315', 'HDFS 315Y']","['and', 'or']"
HDFS 424,Family Development in an Economic Context,"['HDFS 312W', 'HDFS 315', 'HDFS 315Y']","['and', 'or']"
HDFS 427,Developmental Sport & Exercise Psychology,"['PSYCH 100', 'KINES 321', 'HDFS 129', 'PSYCH 212']","['and', 'or', 'or']"
HDFS 428,Infant Development,"['HDFS 229', 'HDFS 312W']","['or', 'and']"
HDFS 429,Advanced Child Development,"['HDFS 229', 'HDFS 312W']","['or', 'and']"
HDFS 430,Experience in Preschool Groups,"['HDFS 229', 'PSYCH 212', 'HDFS 312W', 'HDFS 330']","['or', 'and', 'and']"
HDFS 431,Family Disorganization: Stress Points in the Contemporary Family,[],[]
HDFS 432,Developmental Problems in Childhood and Adolescence,"['HDFS 229', 'HDFS 239', 'PSYCH 212', 'HDFS 312W']","['and', 'or', 'and']"
HDFS 433,Developmental Transition to Adulthood,"['HDFS 239', 'HDFS 312W']",['and']
HDFS 434,Perspectives on Aging,[],[]
HDFS 440,Family Policy,[],[]
HDFS 445,Development Throughout Adulthood,"['HDFS 312W', 'PSYCH 301W', 'PSYCH 200', 'STAT 200']","['and', 'or', 'and', 'or', 'or', 'and', 'or', 'or']"
HDFS 447,Issues in Gerontology,"['HDFS 445', 'HDFS 312W']","['or', 'and']"
HDFS 448,Death and Bereavement,"['HDFS 229', 'HDFS 239', 'PSYCH 212', 'HDFS 301', 'HDFS 312W', 'PSYCH 301W']","['or', 'or', 'or', 'and', 'and', 'or']"
HDFS 451,"Adoption: Policy, Practice, and Experience",[],[]
HDFS 452,"Child Maltreatment Prevention, Intervention, and Legal Issues","['HDFS 229', 'HDFS 239', 'HDFS 312W']","['or', 'and']"
HDFS 453,Family Participation and Involvement in Child Services,"['HDFS 229', 'HDFS 312W', 'HDFS 315', 'HDFS 315Y']","['and', 'and', 'or']"
HDFS 455,Development and Administration of Human Services Programs,['HDFS 311'],[]
HDFS 465,Child Maltreatment: Prevention and Treatment,"['CMAS 258N', 'HDFS 258N', 'SOC 258N']","['or', 'or']"
HDFS 467,Autism: Providing Professional Support for Individuals and Families,"['HDFS 229', 'HDFS 239', 'HDFS 312W', 'PSYCH 212']","['or', 'and', 'or']"
HDFS 469U,Family Change in the Global Economy,[],[]
HDFS 480,"Health Disparities: Context, Causes, and Consequences","['HDFS 312W', 'BBH 301W', 'PSYCH 301W']","['or', 'or', 'and', 'or', 'or', 'or', 'or']"
HDFS 485,"Supporting Healthy Development: Understanding Systems, Successes, and Challenges","['HDFS 301', 'HDFS 312W']",[]
HDFS 490,Professional Development and Preparation for Internship Experience,"['HDFS 301', 'HDFS 312W']","['and', 'and']"
HDFS 492,Palliative Care and Bereavement,"['HDFS 129', 'PSYCH 100', 'SOC 1']","['or', 'or']"
HDFS 494,Research Project,[],[]
HDFS 494H,Senior Honors Thesis,[],[]
HDFS 495A,Internship:  Advanced Experience,"['HDFS 490', 'HDFS 301', 'HDFS 455']","['and', 'and', 'and']"
HDFS 495B,Internship:  Advanced Project,['HDFS 495A'],[]
HDFS 495C,Professional Practicum in Human Services,"['HDFS 401', 'HDFS 490']",['or']
HDFS 496,Independent Studies,[],[]
HDFS 497,Special Topics,[],[]
HDFS 498,Special Topics,[],[]
HDFS 499,Foreign Studies,[],[]
HDFS 499A,**SPECIAL TOPICS**,[],[]
HDFS 499B,**SPECIAL TOPICS**,[],[]
HDFS 499C,**SPECIAL TOPICS**,[],[]
SOC 1,Introductory Sociology,[],[]
SOC 1W,Introductory Sociology,[],[]
SOC 3,Introductory Social Psychology,[],[]
SOC 5,Social Problems,[],[]
SOC 12,Criminology,"['CRIM 12', 'CRIMJ 12']",[]
SOC 12H,Honors Criminology,"['CRIM 12H', 'CRIMJ 12H']",[]
SOC 13,Juvenile Delinquency,['CRIMJ 13'],[]
SOC 15,Urban Sociology,[],[]
SOC 19,Sociology of Popular Culture,[],[]
SOC 20N,Critical Media Literacy,['COMM 20N'],[]
SOC 23,Population and Policy Issues,[],[]
SOC 30,Sociology of the Family,[],[]
SOC 30H,Sociology of Family - Honors,[],[]
SOC 35,Sociology of Aging,[],[]
SOC 60N,Society and Cultures in Modern Israel,"['ANTH 60N', 'JST 60N', 'PLSC 60N']",[]
SOC 83,First-Year Seminar in Sociology,[],[]
SOC 103,Racism and Sexism,"['AFAM 103', 'WMNST 103']",[]
SOC 109,Sociological Perspectives,[],[]
SOC 110,Sociology of Gender,['WMNST 110'],[]
SOC 119N,"Race, Ethnicity and Culture",[],[]
SOC 120N,Knowing Right from Wrong,"['PHIL 120N', 'PSYCH 120N']",[]
SOC 130N,Buddhism and US Society,"['ENGL 108N', 'RLST 105N']",[]
SOC 145N,The Holocaust and Human Rights,['HIST 145N'],[]
SOC 150N,"Healthy People, Healthy Society",[],[]
SOC 162N,Communicating Care,"['CAS 162N', 'ENGL 162N']",[]
SOC 180N,"State, Society, and Public Policy",[],[]
SOC 197,Special Topics,[],[]
SOC 199,Foreign Studies,[],[]
SOC 201,Presumed Innocent? Social Science of Wrongful Conviction,['CRIM 201'],[]
SOC 205N,Critical Race Theory in the Humanities and Social Sciences,['ENGL 15'],[]
SOC 207,Research Methods in Sociology,[],[]
SOC 208N,Visual Representations of the Middle East in the US and Middle East,['ENGL 15'],[]
SOC 209,Poverty in Africa,['AFR 209'],[]
SOC 210N,Social Determinants of Health,[],[]
SOC 211,Health Inequality: Understanding the Geographies of Life and Death,[],[]
SOC 245N,"Globalization, Technology, and Ethics",['ENGL 15'],[]
SOC 258N,Introduction to Child Maltreatment and Advocacy Studies,"['CMAS 258N', 'HDFS 258N']",[]
SOC 269,Intercultural Dialogue Concepts and Practice,[],[]
SOC 290N,Cinema and Globalization,"['ENGL 15', 'ENGL 202A', 'ENGL 202B', 'ENGL 202C', 'ENGL 202D']","['and', 'or', 'or', 'or']"
SOC 294,Research Project,[],[]
SOC 296,Independent Studies,[],[]
SOC 297,Special Topics,[],[]
SOC 299,Foreign Studies,[],[]
SOC 300,Preceptorship in Sociology,[],[]
SOC 309,Sociology of Health,[],[]
SOC 369,Foundational Theory and Practice in Small Group Facilitation,[],[]
SOC 376,Introduction to Human Service Organizations,[],[]
SOC 381,Junior Honors Seminar in Sociology,[],[]
SOC 400W,Senior Research Seminar,[],[]
SOC 403,Advanced Social Psychology,[],[]
SOC 404,Social Influence and Small Groups,[],[]
SOC 405,Sociological Theory,[],[]
SOC 406,Sociology of Deviance,[],[]
SOC 408,Urban Ecology,[],[]
SOC 409,Racial and Ethnic Inequality in America,[],[]
SOC 410,The Global Impact of Education,[],[]
SOC 411,Racial and Ethnic Diversity and the American Family,[],[]
SOC 412,"Crime, Social Control, and the Legal System","['SOC 12', 'SOC 13', 'SOC 5']","['or', 'or']"
SOC 413,Advanced Criminological Theory,"['SOC 12', 'CRIM 12', 'CRIMJ 250W']","['or', 'and']"
SOC 414,Criminal Careers and the Organization of Crime,"['CRIMJ 12', 'CRIMJ 13', 'SOC 5']","['or', 'or']"
SOC 416,Sociology of Education,['EDTHP 416'],[]
SOC 419,Race and Public Policy,[],[]
SOC 422,World Population Diversity,[],[]
SOC 423,Social Demography,"['SOC 23', 'SOC 422']",['or']
SOC 424,Social Change,[],[]
SOC 425,Social Conflict,[],[]
SOC 428,Homelessness in America,[],[]
SOC 429,Social Stratification,[],[]
SOC 430,Family in Cross-Cultural Perspective,[],[]
SOC 431,Family Disorganization: Stress Points in the Contemporary Family,[],[]
SOC 432,Social Movements,[],[]
SOC 435,Perspectives on Aging,[],[]
SOC 440,Family Policy,[],[]
SOC 445,U.S. Immigration,[],[]
SOC 446,Political Sociology,[],[]
SOC 447,Ethnic Minorities and Schools in the United States,['EDTHP 447'],[]
SOC 450,Justice and the Environment,[],[]
SOC 451,"Health, Disease & Society",[],[]
SOC 455,Work and Occupations,[],[]
SOC 456,"Gender, Occupations, and Professions",[],[]
SOC 457,"Jewish Communities: Identity, Survival, and Transformation in Unexpected   Places",[],[]
SOC 459,Communities and Crime,"['SOC 12', 'CRIM 12']",['or']
SOC 461,Sociology of Religion,[],[]
SOC 466,Solving Community Problems,"['SOC 207', 'CRIM 250W']",['or']
SOC 467,Law and Society,"['CRIM 12', 'CRIMJ 12', 'CRIMJ 100']","['or', 'or', 'or']"
SOC 468,Mood-Altering Substances in Society,[],[]
SOC 469,Advanced Theory and Practice in Small Group Facilitation,['SOC 369'],[]
SOC 470,Intermediate Social Statistics,['SOC 207'],[]
SOC 471,Qualitative Research Methods in Sociology,[],[]
SOC 472,Work-Life Practices and Policies,['LHR 100'],[]
SOC 477,Sociology of Sexuality,[],[]
SOC 478,Men and Masculinities,[],[]
SOC 481H,Senior Honors Seminar in Sociology,[],[]
SOC 484,Women of Color Feminisms,[],[]
SOC 494,Research Project,[],[]
SOC 494H,Research Project,[],[]
SOC 495,Internship,[],[]
SOC 496,Independent Studies,[],[]
SOC 496H,Independent Studies,[],[]
SOC 497,Special Topics,[],[]
SOC 499,Foreign Study--Sociology,[],[]
SPLED 99,Foreign Studies,[],[]
SPLED 199,Foreign Studies,[],[]
SPLED 297,Special Topics,[],[]
SPLED 299,Foreign Studies,[],[]
SPLED 395W,Observing Special Education Settings Spanning Across School Transitions,"['SPLED 401', 'SPLED 425', 'SPLED 418']",['and']
SPLED 397,Special Topics,[],[]
SPLED 399,Foreign Studies,[],[]
SPLED 400,"Inclusive Special Ed Foundations: Legal, Characteristics, Collaboration, Assessment, and Management","['HDFS 229', 'HDFS 239']","['and', 'or']"
SPLED 400H,"Inclusive Special Ed Foundations: Legal, Characteristics, Collaboration, Assessment, and Management","['EDPSY 14', 'EDPSY 10', 'EDPSY 11', 'HDFS 229', 'HDFS 239']","['and', 'or']"
SPLED 401,Motivating Exceptional Learners,"['SPLED 395W', 'SPLED 408', 'SPLED 425']",[]
SPLED 402,Human Rights:  Historical and Current Issues in Special Education,[],[]
SPLED 403A,"Evidence-Based Instruction for Elementary Students with Disabilities in    Reading, Math, and Writin",['SPLED 400'],[]
SPLED 403B,Evidence-Based Methods for Teaching Secondary Students with Disabilities   in Inclusive Settings,['SPLED 400'],[]
SPLED 404,Working with Families and Professionals in Special Education,"['SPLED 418', 'SPLED 411', 'SPLED 412', 'SPLED 454', 'SPLED 495E']",['or']
SPLED 408,Meeting Instructional Needs of English Language Learners with Special Needs,"['EDPSY 14', 'EDPSY 10', 'EDPSY 11', 'SPLED 395W', 'SPLED 401', 'SPLED 425']",['or']
SPLED 409A,Fundamental Literacy Skills for Students with Special Needs,"['SPLED 404', 'SPLED 412', 'SPLED 411', 'SPLED 454', 'SPLED 495E', 'SPLED 409B', 'SPLED 409C', 'SPLED 495G']",['or']
SPLED 409B,Writing and Content Literacy for Students with Special Needs,"['SPLED 404', 'SPLED 411', 'SPLED 412', 'SPLED 454', 'SPLED 495E', 'SPLED 409A', 'SPLED 409C', 'SPLED 495G']",['or']
SPLED 409C,Mathematics Instruction for Students with Special Needs,"['SPLED 404', 'SPLED 411', 'SPLED 412', 'SPLED 454', 'SPLED 495E', 'SPLED 409A', 'SPLED 409B', 'SPLED 495G']",['or']
SPLED 410,Culturally Responsive Pedagogy in Special Education,"['CI 280', 'EDPSY 14', 'EDPSY 101', 'EDTHP 115', 'MATH 200', 'PSYCH 100', 'PSYCH 212']",[]
SPLED 411,Intervention for Students with Severe Disabilities,"['SPLED 418', 'SPLED 404', 'SPLED 412', 'SPLED 454', 'SPLED 495E']",['or']
SPLED 412,Instruction for Students with Mild Disabilities,"['SPLED 395W', 'SPLED 401', 'SPLED 425', 'SPLED 418', 'SPLED 404', 'SPLED 411', 'SPLED 454', 'SPLED 495E']","['or', 'and', 'and']"
SPLED 415,Early Intervention and Early Childhood Special Education (EI/ECSE),[],[]
SPLED 418,Technologies for Persons with Disabilities,"['SPLED 395W', 'SPLED 425', 'SPLED 415', 'SPLED 401']",[]
SPLED 419,Assistive Technology for General Education Teachers,"['EDPSY 10', 'EDPSY 11', 'EDPSY 14', 'HDFS 129', 'HDFS 229', 'HDFS 239']","['or', 'or', 'or', 'or', 'or', 'or']"
SPLED 420,Culture & Disability: Study Abroad in Ireland,['RHS 420'],[]
SPLED 425,"Foundations of Special Education, Etiologies, Law, and Implications for Practice","['SPLED 395W', 'SPLED 401', 'SPLED 418']",['and']
SPLED 454,Assessment for Instruction,"['SPLED 395W', 'SPLED 401', 'SPLED 425', 'SPLED 418', 'SPLED 404', 'SPLED 411', 'SPLED 412', 'SPLED 495E']","['or', 'and']"
SPLED 461,Introduction to Autism Spectrum Disorders: Issues and Concerns,[],[]
SPLED 462,Autism and Applied Behavior Analysis,[],[]
SPLED 463,Communication and Social Competence,[],[]
SPLED 464,Assessment and Curriculum,[],[]
SPLED 495,**SPECIAL TOPICS**,[],[]
SPLED 495D,Professional Development for Special Education Teacher Candidates,"['SPLED 409A', '409B', '409C', '495G', 'SPLED 495F']","['or', 'and']"
SPLED 495E,Experience with Exceptional Children,"['SPLED 395W', 'SPLED 401', 'SPLED 425', 'SPLED 404', 'SPLED 411', 'SPLED 412', 'SPLED 454']",['or']
SPLED 495F,Practicum in Special Education,"['SPLED 409A', '409B', '409C', '495G']","['or', 'and', 'and']"
SPLED 495G,Experience with an Integrated Inclusion Classroom,"['SPLED 409A', 'SPLED 409B', 'SPLED 409C']",[]
SPLED 496,Independent Studies,[],[]
SPLED 497,Special Topics,[],[]
SPLED 498,Special Topics,[],[]
PLSC 1,"American Politics: Principles, Processes and Powers",[],[]
PLSC 1H,"American Politics: Principles, Processes and Powers",[],[]
PLSC 1S,"American Politics: Principles, Processes and Powers",[],[]
PLSC 3,Comparing Politics around the Globe,[],[]
PLSC 3H,Comparing Politics around the Globe,[],[]
PLSC 7N,Contemporary Political Ideologies,[],[]
PLSC 10,Scientific Study of Politics,[],[]
PLSC 14,International Relations,[],[]
PLSC 14H,International Relations Honors,[],[]
PLSC 17N,Introduction to Political Theory,[],[]
PLSC 17W,Introduction to Political Theory,[],[]
PLSC 60N,Society and Cultures in Modern Israel,"['ANTH 60N', 'JST 60N', 'SOC 60N']",[]
PLSC 83S,First-Year Seminar in Political Science,[],[]
PLSC 90,Introduction to Security,[],[]
PLSC 111,Debating the Purpose of Government,[],[]
PLSC 112N,"Ethics in Citizenship, Politics, and Government",[],[]
PLSC 114,Winning Political Support Through Persuasion,['PHIL 10'],[]
PLSC 120N,"State, Society, and Public Policy",[],[]
PLSC 125,Pennsylvania Government and Politics,[],[]
PLSC 132,The Politics of International Intolerance,[],[]
PLSC 140,Contemporary Controversies in International Relations,[],[]
PLSC 155,Understanding Tyranny,[],[]
PLSC 177N,Politics and Government in Washington DC,[],[]
PLSC 178,"Organized Crime, Law, and Politics",[],[]
PLSC 183N,"The Cold War in Literature, Politics, and History",['ENGL 183N'],[]
PLSC 197,Special topics,[],[]
PLSC 199,Foreign Studies,[],[]
PLSC 200N,Government and Politics of Europe,[],[]
PLSC 201N,Politics & Religion: Controversies Around the World,['PLSC 3'],[]
PLSC 202,American Public Policy,"['PLSC 1', 'PLSC 1H', 'PLSC 1S']","['or', 'or']"
PLSC 209,Democratic Leadership,['CAS 209'],[]
PLSC 210N,Rights in America,[],[]
PLSC 220,Politics of the Developing World,[],[]
PLSC 222N,Science and Politics of the Female Athlete,"['KINES 222N', 'PUBPL 222N']",[]
PLSC 223N,Ethnic and Racial Politics,"['PLSC 1', 'PLSC 3']",['or']
PLSC 230,American Political Campaigns and Elections,['PLSC 1'],[]
PLSC 235,Environmental Politics,[],[]
PLSC 267N,Government and Politics of the Middle East,[],[]
PLSC 290N,Comparative Violence: Political and Criminological Perspectives,"['CRIMJ 12', 'PLSC 3', 'CRIMJ 100']",[]
PLSC 291,Introduction to Peace and Conflict Studies,[],[]
PLSC 296,Independent Studies,[],[]
PLSC 297,Special Topics,[],[]
PLSC 299,Foreign Studies,[],[]
PLSC 300,Introduction to Independent Thesis Research,[],[]
PLSC 306,Senior Thesis Writing Workshop,[],[]
PLSC 308,Introduction to Political Research,[],[]
PLSC 309,Quantitative Political Analysis,[],[]
PLSC 309H,Quantitative Political Analysis,[],[]
PLSC 395,Internship,[],[]
PLSC 397,Special Topics,[],[]
PLSC 399,Foreign Studies,[],[]
PLSC 403,The Legislative Process,[],[]
PLSC 404,Analyzing Public Policy in the American States,[],[]
PLSC 405,The American Presidency,[],[]
PLSC 405H,The American Presidency,[],[]
PLSC 408,Democracy and Its Impacts,[],[]
PLSC 409,Democratic Deliberation,"['PLSC 1', 'CAS 101N', 'CAS 137H', 'ENGL 137H', 'CAS 215', 'CAS 303']","['or', 'or', 'or', 'or', 'or', 'or']"
PLSC 410,Strategy and Politics,[],[]
PLSC 412,International Political Economy,"['ECON 102', 'ECON 104']",['or']
PLSC 413,The Rise and Fall of the Soviet Union,[],[]
PLSC 414,Dictators and Their Demise,[],[]
PLSC 418,International Relations Theory,[],[]
PLSC 418W,International Relations Theory,[],[]
PLSC 419,The Bureaucratic State,[],[]
PLSC 420,State Making,[],[]
PLSC 421,Analysis of International Political Economy,['PLSC 309'],[]
PLSC 423,Post-Soviet Politics,[],[]
PLSC 424,Topics in Comparative Government and Institutions,[],[]
PLSC 425,Government and Politics of the American States,[],[]
PLSC 426,Political Parties and Interest Groups,[],[]
PLSC 427,Political Opinion,[],[]
PLSC 428,Gender and Politics,[],[]
PLSC 429,Analysis of Electoral Politics,[],[]
PLSC 430,Selected Works in the History of Political Theory,[],[]
PLSC 430W,Selected Works in the History of Political Theory,[],[]
PLSC 431,"Ancient, Medieval, and Renaissance Political Theories",[],[]
PLSC 432,Modern and Contemporary Political Theories,[],[]
PLSC 433,Political Foundations of the Early American Republic,[],[]
PLSC 434,War and Development in Africa,[],[]
PLSC 435,Foundations of American Political Theory,[],[]
PLSC 436,Civil Wars,[],[]
PLSC 437,War in World Politics,[],[]
PLSC 438,National Security Policies,[],[]
PLSC 439,The Politics of Terrorism,[],[]
PLSC 440,Globalization and Its Implications,"['AFAM 100N', 'PLSC 3', 'PLSC 14', 'PLSC 200N', 'PLSC 220']","['or', 'or', 'or', 'or', 'or']"
PLSC 442,American Foreign Policy,[],[]
PLSC 443,Ethnic Conflict in Africa,"['AFR 110N', 'PLSC 1', 'PLSC 3', 'PLSC 7N', 'PLSC 14', 'PLSC 17N']",[]
PLSC 444,Government and the Economy,[],[]
PLSC 446,Business and Government Relations,[],[]
PLSC 447,Analysis of Public Opinion and Political Attitudes,[],[]
PLSC 449,Psychology of Terrorism,['PLSC 14'],[]
PLSC 450H,Genocide and Tyranny,['HIST 121'],[]
PLSC 451,The Politics of Human Rights,[],[]
PLSC 452,Government and Politics of Central Europe,[],[]
PLSC 453,Political Processes in Underdeveloped Systems,[],[]
PLSC 454,Government and Politics of Africa,[],[]
PLSC 455,Governments and Politics of Western Europe,[],[]
PLSC 456,Politics and Institutions of Latin-American Nations,['HIST 179'],[]
PLSC 458,Government and Politics of East Asia,[],[]
PLSC 459,Culture and World Politics,[],[]
PLSC 460,"Science, Technology, and Public Policy",[],[]
PLSC 461,Politics of the European Union,[],[]
PLSC 462,Marxist and Socialist Political Theory,[],[]
PLSC 464,Extractive Industries in Africa,[],[]
PLSC 465Y,Democratization in Asia,['ASIA 465Y'],[]
PLSC 466,Political Psychology,[],[]
PLSC 467,International Relations of the Middle East,['HIST 181'],[]
PLSC 468,Politics and the Media,['COMM 110'],[]
PLSC 469,Government and Politics of South Asia,['ASIA 100'],[]
PLSC 471,American Constitutional Law,[],[]
PLSC 472,The American Legal Process,[],[]
PLSC 473,American Judicial Behavior,[],[]
PLSC 474,Civil Liberties and Due Process,[],[]
PLSC 476,Empirical Legal Studies,[],[]
PLSC 477,"Sex, Race, & Justice: The U.S. Supreme Court and Equality",['PLSC 1'],[]
PLSC 478,China and the World,"['PLSC 3', 'PLSC 14']","['or', 'or']"
PLSC 479,Nuclear Weapons in International Relations,['PLSC 14'],[]
PLSC 480W,Congress and the Presidency,[],[]
PLSC 481,Global Political Economy,[],[]
PLSC 482,American State and Urban Politics,[],[]
PLSC 483,Seminar in National Security Policy,[],[]
PLSC 484W,The Foreign Policy of Soviet Successor States,[],[]
PLSC 485,International Migration,"['PLSC 14', 'PLSC 3']",['or']
PLSC 486,International Culture in East Asia,"['ASIA 100', 'ASIA 102', 'ASIA 103', 'ASIA 104', 'ASIA 172', 'ASIA 174', 'ASIA 175', 'ASIA 197', 'JAPNS 120', 'CHNS 120', 'KOR 120']",[]
PLSC 487,International Law and Organizations,[],[]
PLSC 488,Comparative Public Policy,[],[]
PLSC 489,Public Administration,[],[]
PLSC 490,Policy Making and Evaluation,[],[]
PLSC 491,Peace and Conflict Studies Seminar,[],[]
PLSC 494,Research Project,[],[]
PLSC 494H,Research Project,[],[]
PLSC 495,Political Science Internship,[],[]
PLSC 496,Independent Studies,[],[]
PLSC 497,Special Topics,[],[]
PLSC 498,Special Topics,[],[]
PLSC 499,Foreign Study--Government,[],[]
